seed,function_name,condition,noise,optimizer,dropout,weight_decay,reg_state,model_size,auprc_full,val_loss,first_val_loss,last_val_loss,best_epoch,converged
42,f1,ms_base_n0p0,0.0,adam,0.0,False,base,small,0.1279615004935834,0.0017832443452479832,0.009693608936318692,0.0017832443452479832,100,True
42,f1,ms_dp_n0p0,0.0,adam,0.2,False,dropout,small,0.13530766699572228,0.006960784486356251,0.02164291389326149,0.010492490609473687,74,True
42,f1,ms_wd_n0p0,0.0,adam,0.0,True,weight_decay,small,0.2103076669957223,0.0020832239335620817,0.009189739214018621,0.0024710826977017396,68,True
42,f1,ms_dpwd_n0p0,0.0,adam,0.2,True,dropout+weight_decay,small,0.12376920545726074,0.008189347419055535,0.024295186287069573,0.018299302591526127,44,True
42,f1,ms_base_n0p5,0.5,adam,0.0,False,base,small,0.022192269724352648,0.21625355551851558,0.23807557355216208,0.21625355551851558,100,True
42,f1,ms_dp_n0p5,0.5,adam,0.2,False,dropout,small,0.08629483382691674,0.21969205838568667,0.24401171505451202,0.2225151482097646,73,True
42,f1,ms_wd_n0p5,0.5,adam,0.0,True,weight_decay,small,0.12376920545726074,0.2163713900966847,0.23898412683542739,0.219449686243179,99,True
42,f1,ms_dpwd_n0p5,0.5,adam,0.2,True,dropout+weight_decay,small,0.08629483382691674,0.22169236553476213,0.24878819477050862,0.22548453969524263,92,True
42,f1,ms_base_n1p0,1.0,adam,0.0,False,base,small,0.003948667324777887,0.8499127068418137,0.9135651379189593,0.8509928837735602,95,True
42,f1,ms_dp_n1p0,1.0,adam,0.2,False,dropout,small,0.06546150049358342,0.8515737690824143,0.8833639177870243,0.8515737690824143,100,True
42,f1,ms_wd_n1p0,1.0,adam,0.0,True,weight_decay,small,0.003948667324777887,0.8503611569708966,0.9267089278139966,0.8529158913074656,95,True
42,f1,ms_dpwd_n1p0,1.0,adam,0.2,True,dropout+weight_decay,small,0.08629483382691674,0.8541092707755717,0.9120073090208337,0.8564114450140202,55,True
42,f2,ms_base_n0p0,0.0,adam,0.0,False,base,small,0.2936410003290556,0.006979744046668898,0.0351212933421769,0.009257326155227232,92,True
42,f2,ms_dp_n0p0,0.0,adam,0.2,False,dropout,small,0.21030766699572226,0.028996997156200258,0.06143297175777719,0.03973167042862227,39,True
42,f2,ms_wd_n0p0,0.0,adam,0.0,True,weight_decay,small,0.2936410003290556,0.006926491004513933,0.04123515366239751,0.007772836829238432,92,True
42,f2,ms_dpwd_n0p0,0.0,adam,0.2,True,dropout+weight_decay,small,0.2103076669957223,0.02859598673642316,0.05550481216546069,0.03875274389506655,66,True
42,f2,ms_base_n0p5,0.5,adam,0.0,False,base,small,0.29364100032905555,0.19046143038158722,0.23580251412188752,0.19170685033214854,47,True
42,f2,ms_dp_n0p5,0.5,adam,0.2,False,dropout,small,0.25197433366238897,0.20676939340030892,0.24574773409899245,0.23259078584452894,96,True
42,f2,ms_wd_n0p5,0.5,adam,0.0,True,weight_decay,small,0.2936410003290556,0.1897014211466972,0.2361430327625985,0.19238289802315386,95,True
42,f2,ms_dpwd_n0p5,0.5,adam,0.2,True,dropout+weight_decay,small,0.2103076669957223,0.2078681486718198,0.24666564943308525,0.24377960220296332,96,False
42,f2,ms_base_n1p0,1.0,adam,0.0,False,base,small,0.1686410003290556,0.7170826180818233,0.7721091952729733,0.7323233133300822,73,True
42,f2,ms_dp_n1p0,1.0,adam,0.2,False,dropout,small,0.25197433366238897,0.7414460746531791,0.790916495500727,0.7947172452794745,47,False
42,f2,ms_wd_n1p0,1.0,adam,0.0,True,weight_decay,small,0.08629483382691674,0.7177694959843413,0.7739841652677414,0.7301439211723653,47,True
42,f2,ms_dpwd_n1p0,1.0,adam,0.2,True,dropout+weight_decay,small,0.18530766699572226,0.7429220911036146,0.7931523690832422,0.793029453526152,47,False
42,f3,ms_base_n0p0,0.0,adam,0.0,False,base,small,0.501974333662389,0.012929667153970358,0.09211224444369052,0.016519602100820617,90,True
42,f3,ms_dp_n0p0,0.0,adam,0.2,False,dropout,small,0.2529615004935834,0.07805371038774227,0.1446878470163396,0.0996794563500171,97,True
42,f3,ms_wd_n0p0,0.0,adam,0.0,True,weight_decay,small,0.6130952380952381,0.014109372116744201,0.09231496467552286,0.016440633803288987,53,True
42,f3,ms_dpwd_n0p0,0.0,adam,0.2,True,dropout+weight_decay,small,0.2529615004935834,0.07579063826260414,0.14749265248154073,0.08437560094480819,72,True
42,f3,ms_base_n0p5,0.5,adam,0.0,False,base,small,0.5009871668311945,0.6217660364952493,0.763146180738794,0.6306567106475222,50,True
42,f3,ms_dp_n0p5,0.5,adam,0.2,False,dropout,small,0.2529615004935834,0.6866001572380674,0.8085645969877852,0.7180659783647415,70,True
42,f3,ms_wd_n0p5,0.5,adam,0.0,True,weight_decay,small,0.4697371668311945,0.6238850491478088,0.7553090034647191,0.633127934121071,47,True
42,f3,ms_dpwd_n0p5,0.5,adam,0.2,True,dropout+weight_decay,small,0.2529615004935834,0.6897488604200647,0.8151680221582981,0.7461527230891776,68,True
42,f3,ms_base_n1p0,1.0,adam,0.0,False,base,small,0.2529615004935834,2.424136852964442,2.6830494505293827,2.461267727486631,34,True
42,f3,ms_dp_n1p0,1.0,adam,0.2,False,dropout,small,0.2529615004935834,2.4836236783798706,2.7104659524369747,2.517119254203553,50,True
42,f3,ms_wd_n1p0,1.0,adam,0.0,True,weight_decay,small,0.35197433366238895,2.4268268067786036,2.6892208114583442,2.44046413898468,96,True
42,f3,ms_dpwd_n1p0,1.0,adam,0.2,True,dropout+weight_decay,small,0.2529615004935834,2.4972445698494607,2.704302715494278,2.5709730805234705,48,True
42,f4,ms_base_n0p0,0.0,adam,0.0,False,base,small,0.381974333662389,0.018572324510425963,0.09640512096279479,0.020820790317226598,57,True
42,f4,ms_dp_n0p0,0.0,adam,0.2,False,dropout,small,0.4029615004935834,0.08556095122339878,0.16799241058686945,0.10095125159367602,67,True
42,f4,ms_wd_n0p0,0.0,adam,0.0,True,weight_decay,small,0.26962816716025007,0.015568218937024791,0.0950869629754031,0.018195834724192925,51,True
42,f4,ms_dpwd_n0p0,0.0,adam,0.2,True,dropout+weight_decay,small,0.4029615004935834,0.08449496249569223,0.17364475582825376,0.09438400037903735,97,True
42,f4,ms_base_n0p5,0.5,adam,0.0,False,base,small,0.6533333333333333,0.6778044824270492,0.8281437504164716,0.6853877245745761,86,True
42,f4,ms_dp_n0p5,0.5,adam,0.2,False,dropout,small,0.4029615004935834,0.7388020367064374,0.8987899156326943,0.7515601449190302,97,True
42,f4,ms_wd_n0p5,0.5,adam,0.0,True,weight_decay,small,0.4698760557200834,0.6824552175846506,0.8360828728751933,0.6908492357172864,50,True
42,f4,ms_dpwd_n0p5,0.5,adam,0.2,True,dropout+weight_decay,small,0.4029615004935834,0.7518438360792525,0.8935450835430876,0.7725452171995285,48,True
42,f4,ms_base_n1p0,1.0,adam,0.0,False,base,small,0.30296150049358345,2.6432068259158035,2.903002546188679,2.663545329520043,29,True
42,f4,ms_dp_n1p0,1.0,adam,0.2,False,dropout,small,0.2039486673247779,2.6984939473740597,2.961530939061591,2.7384178156548358,50,True
42,f4,ms_wd_n1p0,1.0,adam,0.0,True,weight_decay,small,0.34864100032905565,2.636654220997019,2.908063511899177,2.65731041355336,29,True
42,f4,ms_dpwd_n1p0,1.0,adam,0.2,True,dropout+weight_decay,small,0.4029615004935834,2.6872358106552285,2.915264947617308,2.7189168486189335,29,True
42,f5,ms_base_n0p0,0.0,adam,0.0,False,base,small,0.95,0.003002385236075188,0.023675987447433648,0.004737411935298526,80,True
42,f5,ms_dp_n0p0,0.0,adam,0.2,False,dropout,small,0.501974333662389,0.019156315363943577,0.04891987862263588,0.024481290327186916,87,True
42,f5,ms_wd_n0p0,0.0,adam,0.0,True,weight_decay,small,0.95,0.003902717812997388,0.024563656674024274,0.006304342061915296,75,True
42,f5,ms_dpwd_n0p0,0.0,adam,0.2,True,dropout+weight_decay,small,0.501974333662389,0.01387498911688144,0.05451794458117257,0.017165915495616958,87,True
42,f5,ms_base_n0p5,0.5,adam,0.0,False,base,small,0.95,0.12846660154296996,0.16121384136854333,0.130123967740764,96,True
42,f5,ms_dp_n0p5,0.5,adam,0.2,False,dropout,small,0.501974333662389,0.15136560631242205,0.16850694498800217,0.15155337861877807,95,True
42,f5,ms_wd_n0p5,0.5,adam,0.0,True,weight_decay,small,0.95,0.12767187458403567,0.16233231365046602,0.1292911099785186,47,True
42,f5,ms_dpwd_n0p5,0.5,adam,0.2,True,dropout+weight_decay,small,0.501974333662389,0.13955615944367775,0.16899433795441973,0.1453336457464289,75,True
42,f5,ms_base_n1p0,1.0,adam,0.0,False,base,small,0.8875,0.4922344573634736,0.5305311904942736,0.4942530504566558,71,True
42,f5,ms_dp_n1p0,1.0,adam,0.2,False,dropout,small,0.501974333662389,0.5065873845460567,0.5325207488333925,0.5164428600605498,19,True
42,f5,ms_wd_n1p0,1.0,adam,0.0,True,weight_decay,small,0.8303571428571428,0.49263965481139244,0.5301417514998862,0.4958313224797553,71,True
42,f5,ms_dpwd_n1p0,1.0,adam,0.2,True,dropout+weight_decay,small,0.501974333662389,0.507306345599763,0.5321788955876168,0.5133915809874839,72,True
42,f6,ms_base_n0p0,0.0,adam,0.0,False,base,small,0.5676538334978611,0.005778841798173937,0.20240977850366146,0.025638307999581732,97,True
42,f6,ms_dp_n0p0,0.0,adam,0.2,False,dropout,small,0.501974333662389,0.15427863994177352,0.39967433347346937,0.7696306185519441,5,False
42,f6,ms_wd_n0p0,0.0,adam,0.0,True,weight_decay,small,0.4186410003290556,0.007185719193930322,0.20626328172201805,0.01008424849962776,64,True
42,f6,ms_dpwd_n0p0,0.0,adam,0.2,True,dropout+weight_decay,small,0.501974333662389,0.1574156255798137,0.39110407027158334,0.7297014945999105,5,False
42,f6,ms_base_n0p5,0.5,adam,0.0,False,base,small,0.6509871668311944,2.896397550055321,3.1469026778606657,2.9488913150543863,14,True
42,f6,ms_dp_n0p5,0.5,adam,0.2,False,dropout,small,0.501974333662389,2.95994562798358,3.5254684737388122,3.3189811528997217,14,True
42,f6,ms_wd_n0p5,0.5,adam,0.0,True,weight_decay,small,0.2529615004935834,2.889194716798498,3.1732732387299234,2.9269049915861576,47,True
42,f6,ms_dpwd_n0p5,0.5,adam,0.2,True,dropout+weight_decay,small,0.501974333662389,2.958214128271062,3.554831251184991,3.4129315817609744,38,True
42,f6,ms_base_n1p0,1.0,adam,0.0,False,base,small,0.501974333662389,11.311533582971451,12.359299893074848,11.861491456944892,14,True
42,f6,ms_dp_n1p0,1.0,adam,0.2,False,dropout,small,0.501974333662389,11.30630283660077,12.10792239168857,11.862101118615334,14,False
42,f6,ms_wd_n1p0,1.0,adam,0.0,True,weight_decay,small,0.501974333662389,11.381208714018477,12.35068098534929,12.136596497069014,14,False
42,f6,ms_dpwd_n1p0,1.0,adam,0.2,True,dropout+weight_decay,small,0.501974333662389,11.337784021458727,12.111210995532097,11.84903530364341,14,False
42,f7,ms_base_n0p0,0.0,adam,0.0,False,base,small,0.5114038334978611,0.004713127605042401,0.03471090830862522,0.0061231320922045,49,True
42,f7,ms_dp_n0p0,0.0,adam,0.2,False,dropout,small,0.501974333662389,0.03133878708282049,0.04686152144394656,0.041738890626646104,61,True
42,f7,ms_wd_n0p0,0.0,adam,0.0,True,weight_decay,small,0.3353076669957223,0.004347744586065095,0.040145588206483965,0.009148891123526908,58,True
42,f7,ms_dpwd_n0p0,0.0,adam,0.2,True,dropout+weight_decay,small,0.501974333662389,0.031246279425760533,0.044051508617369416,0.06571846601969385,34,False
42,f7,ms_base_n0p5,0.5,adam,0.0,False,base,small,0.501974333662389,1.0610485958292128,1.090632325791298,1.0719214557333197,73,False
42,f7,ms_dp_n0p5,0.5,adam,0.2,False,dropout,small,0.4186410003290556,1.0737831573537056,1.1564173501856783,1.109395329622512,50,True
42,f7,ms_wd_n0p5,0.5,adam,0.0,True,weight_decay,small,0.501974333662389,1.057909590766785,1.0874009094339736,1.0677418207868616,56,False
42,f7,ms_dpwd_n0p5,0.5,adam,0.2,True,dropout+weight_decay,small,0.501974333662389,1.0748450445367934,1.1491402057891196,1.1183924694010552,64,False
42,f7,ms_base_n1p0,1.0,adam,0.0,False,base,small,0.4186410003290556,4.193529042791813,4.4802875696344575,4.303230846181829,6,True
42,f7,ms_dp_n1p0,1.0,adam,0.2,False,dropout,small,0.501974333662389,4.207497903641234,4.543411183864512,4.356927602849108,27,True
42,f7,ms_wd_n1p0,1.0,adam,0.0,True,weight_decay,small,0.4186410003290556,4.178239956815192,4.488683018278568,4.270136229535367,15,True
42,f7,ms_dpwd_n1p0,1.0,adam,0.2,True,dropout+weight_decay,small,0.2529615004935834,4.193457694763833,4.529552477471372,4.3431068126191485,28,True
42,f8,ms_base_n0p0,0.0,adam,0.0,False,base,small,0.8041666666666667,0.003885574775074232,0.037798945712757874,0.00550205256304446,86,True
42,f8,ms_dp_n0p0,0.0,adam,0.2,False,dropout,small,0.8041666666666667,0.0368326683033337,0.07775743369092332,0.08814869749736279,71,False
42,f8,ms_wd_n0p0,0.0,adam,0.0,True,weight_decay,small,1.0,0.003917086185847825,0.03119222883214342,0.006378091002338903,90,True
42,f8,ms_dpwd_n0p0,0.0,adam,0.2,True,dropout+weight_decay,small,0.6791666666666667,0.0326263186462382,0.07488373005168235,0.1408142701108405,68,False
42,f8,ms_base_n0p5,0.5,adam,0.0,False,base,small,0.7333333333333333,1.0373365321057908,1.1326260826689132,1.054298199871753,64,True
42,f8,ms_dp_n0p5,0.5,adam,0.2,False,dropout,small,0.5426538334978611,1.0665281992009346,1.1468499867205924,1.2419521060395748,83,False
42,f8,ms_wd_n0p5,0.5,adam,0.0,True,weight_decay,small,1.0,1.0386558206791574,1.134304199447023,1.0556738826822727,86,True
42,f8,ms_dpwd_n0p5,0.5,adam,0.2,True,dropout+weight_decay,small,0.25197433366238897,1.0658789676554659,1.1599173178064062,1.4218976332786235,64,False
42,f8,ms_base_n1p0,1.0,adam,0.0,False,base,small,0.5259871668311945,4.114836358009501,4.18911475577253,4.185190730906547,9,False
42,f8,ms_dp_n1p0,1.0,adam,0.2,False,dropout,small,0.3769743336623889,4.117625528193535,4.28508900835159,4.341840122608429,9,False
42,f8,ms_wd_n1p0,1.0,adam,0.0,True,weight_decay,small,0.4009871668311945,4.109702744382493,4.1859175702358815,4.154945036198231,9,False
42,f8,ms_dpwd_n1p0,1.0,adam,0.2,True,dropout+weight_decay,small,0.4426538334978611,4.111019938550097,4.278370530047315,4.294098658764616,9,False
42,f9,ms_base_n0p0,0.0,adam,0.0,False,base,small,0.501974333662389,0.01113708773033416,0.024524044483265978,0.014508240093338363,94,True
42,f9,ms_dp_n0p0,0.0,adam,0.2,False,dropout,small,0.501974333662389,0.03133554104715586,0.04430373452920863,0.042943487161810096,69,True
42,f9,ms_wd_n0p0,0.0,adam,0.0,True,weight_decay,small,0.5947371668311945,0.010769988439897907,0.025438372600585856,0.012931049306024896,94,True
42,f9,ms_dpwd_n0p0,0.0,adam,0.2,True,dropout+weight_decay,small,0.501974333662389,0.029938551973789296,0.04383468001763871,0.04344262537407748,57,False
42,f9,ms_base_n0p5,0.5,adam,0.0,False,base,small,0.501974333662389,0.4304275094194615,0.47051936388015747,0.4335215101216702,96,True
42,f9,ms_dp_n0p5,0.5,adam,0.2,False,dropout,small,0.501974333662389,0.4475163909349036,0.4588261975886974,0.47923474774715746,90,False
42,f9,ms_wd_n0p5,0.5,adam,0.0,True,weight_decay,small,0.501974333662389,0.43124118732645156,0.4707566284118815,0.43803631783799923,34,True
42,f9,ms_dpwd_n0p5,0.5,adam,0.2,True,dropout+weight_decay,small,0.501974333662389,0.4520368512640608,0.4613897870195673,0.4608499997473778,9,False
42,f9,ms_base_n1p0,1.0,adam,0.0,False,base,small,0.501974333662389,1.6729765711946691,1.7098967306157375,1.6909249970253477,25,False
42,f9,ms_dp_n1p0,1.0,adam,0.2,False,dropout,small,0.501974333662389,1.681418610380051,1.748351535898574,1.7156621344546055,32,False
42,f9,ms_wd_n1p0,1.0,adam,0.0,True,weight_decay,small,0.501974333662389,1.6676054850537727,1.7106739422108264,1.7009065455578742,28,False
42,f9,ms_dpwd_n1p0,1.0,adam,0.2,True,dropout+weight_decay,small,0.501974333662389,1.6819099289305666,1.7423252285795008,1.7201760043489172,22,False
42,f10,ms_base_n0p0,0.0,adam,0.0,False,base,small,1.0,0.003404207076837725,0.021852682106830973,0.0041857996207483586,90,True
42,f10,ms_dp_n0p0,0.0,adam,0.2,False,dropout,small,0.7509871668311945,0.022426802694718254,0.06973660661977657,0.029552909050216066,83,True
42,f10,ms_wd_n0p0,0.0,adam,0.0,True,weight_decay,small,1.0,0.004062129380280509,0.022029438511805333,0.004934282056947655,90,True
42,f10,ms_dpwd_n0p0,0.0,adam,0.2,True,dropout+weight_decay,small,0.6884871668311945,0.018383962746234016,0.07006570419415514,0.045837262189610206,37,True
42,f10,ms_base_n0p5,0.5,adam,0.0,False,base,small,0.9166666666666666,0.46858991428892666,0.5261024953202998,0.469439704367455,73,True
42,f10,ms_dp_n0p5,0.5,adam,0.2,False,dropout,small,0.7509871668311945,0.49056710968626305,0.5177114460062473,0.5420714772128045,73,False
42,f10,ms_wd_n0p5,0.5,adam,0.0,True,weight_decay,small,0.8541666666666666,0.47026132332517745,0.527151550384278,0.4712426868524957,79,True
42,f10,ms_dpwd_n0p5,0.5,adam,0.2,True,dropout+weight_decay,small,0.5947371668311945,0.49581524444387315,0.5233476631184841,0.6259779540148187,73,False
42,f10,ms_base_n1p0,1.0,adam,0.0,False,base,small,0.501974333662389,1.8551751590789634,1.9438075410558822,1.86801130847728,56,True
42,f10,ms_dp_n1p0,1.0,adam,0.2,False,dropout,small,0.6259871668311945,1.8803780966616692,1.9082883609102128,2.0138233862024673,50,False
42,f10,ms_wd_n1p0,1.0,adam,0.0,True,weight_decay,small,0.501974333662389,1.854276234799243,1.94609331196927,1.8679804624395167,82,True
42,f10,ms_dpwd_n1p0,1.0,adam,0.2,True,dropout+weight_decay,small,0.501974333662389,1.866247700883987,1.9083841506471024,2.0412471269039396,82,False
43,f1,ms_base_n0p0,0.0,adam,0.0,False,base,small,0.2911657382597659,0.0017852406376635934,0.01692525710553882,0.0027637074694057255,34,True
43,f1,ms_dp_n0p0,0.0,adam,0.2,False,dropout,small,0.15673623842429368,0.007669359272187377,0.03990800452834748,0.007669359272187377,100,True
43,f1,ms_wd_n0p0,0.0,adam,0.0,True,weight_decay,small,0.2103076669957223,0.0020065928593852576,0.021033785038409716,0.0027176208318548,34,True
43,f1,ms_dpwd_n0p0,0.0,adam,0.2,True,dropout+weight_decay,small,0.13530766699572228,0.009568391868131274,0.03446690044663054,0.013006307873280441,62,True
43,f1,ms_base_n0p5,0.5,adam,0.0,False,base,small,0.034211500493583416,0.2101539046840465,0.23663945004661033,0.2123290682409672,34,True
43,f1,ms_dp_n0p5,0.5,adam,0.2,False,dropout,small,0.13530766699572228,0.2131021946985671,0.2349954661219678,0.216048584260205,83,True
43,f1,ms_wd_n0p5,0.5,adam,0.0,True,weight_decay,small,0.14086322255127784,0.21005802371717514,0.2350004072836105,0.2127186175673566,56,True
43,f1,ms_dpwd_n0p5,0.5,adam,0.2,True,dropout+weight_decay,small,0.1408632225512778,0.2143363617360592,0.23658677681963494,0.22114583073144264,43,True
43,f1,ms_base_n1p0,1.0,adam,0.0,False,base,small,0.0974288791169344,0.8215971107178546,0.8582836579769215,0.8250229387207234,98,True
43,f1,ms_dp_n1p0,1.0,adam,0.2,False,dropout,small,0.12376920545726074,0.8258661516803376,0.8763137206118158,0.8466178854095175,87,True
43,f1,ms_wd_n1p0,1.0,adam,0.0,True,weight_decay,small,0.07697433366238894,0.8224204090681482,0.8581669913961533,0.8271938483131692,26,True
43,f1,ms_dpwd_n1p0,1.0,adam,0.2,True,dropout+weight_decay,small,0.08629483382691674,0.8252777416021266,0.8759263443185928,0.8647242125044478,32,False
43,f2,ms_base_n0p0,0.0,adam,0.0,False,base,small,0.2936410003290556,0.01142303566844698,0.05106075106069763,0.0130909685828188,60,True
43,f2,ms_dp_n0p0,0.0,adam,0.2,False,dropout,small,0.4186410003290556,0.049293484915285665,0.06787107738250113,0.05657914219463759,95,True
43,f2,ms_wd_n0p0,0.0,adam,0.0,True,weight_decay,small,0.2936410003290556,0.00830403937799658,0.05149259885891955,0.009808729472074737,83,True
43,f2,ms_dpwd_n0p0,0.0,adam,0.2,True,dropout+weight_decay,small,0.2103076669957223,0.03392715508395687,0.06998371281363863,0.04413974120658129,41,True
43,f2,ms_base_n0p5,0.5,adam,0.0,False,base,small,0.08629483382691674,0.19086731478888938,0.23280076555749205,0.20327228608917683,92,True
43,f2,ms_dp_n0p5,0.5,adam,0.2,False,dropout,small,0.25197433366238897,0.22322029953307293,0.24075378287345806,0.2624997683662049,20,False
43,f2,ms_wd_n0p5,0.5,adam,0.0,True,weight_decay,small,0.08629483382691674,0.17998633922097532,0.23407567149781167,0.19049156227327407,63,True
43,f2,ms_dpwd_n0p5,0.5,adam,0.2,True,dropout+weight_decay,small,0.6509871668311944,0.20608391739586565,0.24108337658516904,0.21015602905065456,65,True
43,f2,ms_base_n1p0,1.0,adam,0.0,False,base,small,0.08629483382691674,0.6789519939016788,0.7590384546746599,0.6813698001998536,87,True
43,f2,ms_dp_n1p0,1.0,adam,0.2,False,dropout,small,0.6884871668311945,0.7333068543292106,0.784780372647529,0.744199016309799,87,True
43,f2,ms_wd_n1p0,1.0,adam,0.0,True,weight_decay,small,0.08629483382691674,0.6795437941525845,0.7541268832506017,0.6853362353558236,63,True
43,f2,ms_dpwd_n1p0,1.0,adam,0.2,True,dropout+weight_decay,small,0.2936410003290556,0.7068089671591495,0.7740083910683369,0.7153741273474186,50,True
43,f3,ms_base_n0p0,0.0,adam,0.0,False,base,small,0.5634871668311945,0.031060458388813633,0.09016712770817127,0.0350550129573713,85,True
43,f3,ms_dp_n0p0,0.0,adam,0.2,False,dropout,small,0.2529615004935834,0.15353087018778983,0.17466278984508615,0.17553075862691758,45,False
43,f3,ms_wd_n0p0,0.0,adam,0.0,True,weight_decay,small,0.4831300239740516,0.013590491198478862,0.09132888112613495,0.017077011977659262,50,True
43,f3,ms_dpwd_n0p0,0.0,adam,0.2,True,dropout+weight_decay,small,0.2529615004935834,0.10268851199207153,0.17395107995005363,0.14180697215364335,62,True
43,f3,ms_base_n0p5,0.5,adam,0.0,False,base,small,0.5015151515151515,0.6105091127943485,0.7640573610650733,0.6369200215694752,75,True
43,f3,ms_dp_n0p5,0.5,adam,0.2,False,dropout,small,0.2529615004935834,0.7367329207506585,0.7822228188210345,0.7470674502088669,55,True
43,f3,ms_wd_n0p5,0.5,adam,0.0,True,weight_decay,small,0.56875,0.6035626524306358,0.7614073880175327,0.6240857440106412,66,True
43,f3,ms_dpwd_n0p5,0.5,adam,0.2,True,dropout+weight_decay,small,0.2529615004935834,0.6877142184592308,0.7813603966794116,0.7241254607413677,58,True
43,f3,ms_base_n1p0,1.0,adam,0.0,False,base,small,0.2974288791169344,2.343559118027383,2.5246962182065276,2.35548901431104,92,True
43,f3,ms_dp_n1p0,1.0,adam,0.2,False,dropout,small,0.2529615004935834,2.4616713359000837,2.4990575998387436,2.503816402973013,11,False
43,f3,ms_wd_n1p0,1.0,adam,0.0,True,weight_decay,small,0.2529615004935834,2.322404609081593,2.533700505469708,2.347468955719725,35,True
43,f3,ms_dpwd_n1p0,1.0,adam,0.2,True,dropout+weight_decay,small,0.2529615004935834,2.4045793642389013,2.4981839466602245,2.4483409371781857,55,False
43,f4,ms_base_n0p0,0.0,adam,0.0,False,base,small,0.26962816716025007,0.02798704119359559,0.10605324388660015,0.030428900918427933,77,True
43,f4,ms_dp_n0p0,0.0,adam,0.2,False,dropout,small,0.4029615004935834,0.15880522433113545,0.20217310954281625,0.18026761710643768,78,True
43,f4,ms_wd_n0p0,0.0,adam,0.0,True,weight_decay,small,0.36768861937667463,0.016241784197615183,0.10681963216592656,0.021228026222199835,84,True
43,f4,ms_dpwd_n0p0,0.0,adam,0.2,True,dropout+weight_decay,small,0.4029615004935834,0.1112390012341611,0.1983220415546539,0.14870984994984687,94,True
43,f4,ms_base_n0p5,0.5,adam,0.0,False,base,small,0.5737144395584672,0.659589521745418,0.8343418880980066,0.6844971652360673,58,True
43,f4,ms_dp_n0p5,0.5,adam,0.2,False,dropout,small,0.4029615004935834,0.7924716234841245,0.8498729695665076,0.7984824393023836,55,True
43,f4,ms_wd_n0p5,0.5,adam,0.0,True,weight_decay,small,0.44225700810103574,0.6559055057611871,0.8332275995548736,0.677042932586467,58,True
43,f4,ms_dpwd_n0p5,0.5,adam,0.2,True,dropout+weight_decay,small,0.4029615004935834,0.7580910172868283,0.8488591858681213,0.7856778236145668,93,True
43,f4,ms_base_n1p0,1.0,adam,0.0,False,base,small,0.4029615004935834,2.5333498297853674,2.7319762085346464,2.5590503152380597,46,True
43,f4,ms_dp_n1p0,1.0,adam,0.2,False,dropout,small,0.2039486673247779,2.6540797872746245,2.7231777576690024,2.7131227901641357,91,False
43,f4,ms_wd_n1p0,1.0,adam,0.0,True,weight_decay,small,0.45371443955846724,2.5164010030158024,2.7428611123815494,2.551300492692501,46,True
43,f4,ms_dpwd_n1p0,1.0,adam,0.2,True,dropout+weight_decay,small,0.2039486673247779,2.616424648051566,2.7249748440499,2.682785746899057,34,False
43,f5,ms_base_n0p0,0.0,adam,0.0,False,base,small,0.7509871668311945,0.002831044313349226,0.010641955022521793,0.0033739731780827995,58,True
43,f5,ms_dp_n0p0,0.0,adam,0.2,False,dropout,small,0.501974333662389,0.0199560016155877,0.04998191559013534,0.020584187450561117,22,True
43,f5,ms_wd_n0p0,0.0,adam,0.0,True,weight_decay,small,0.7509871668311945,0.00302454754660659,0.010721417569971465,0.004174723770429796,92,True
43,f5,ms_dpwd_n0p0,0.0,adam,0.2,True,dropout+weight_decay,small,0.501974333662389,0.016228002149294665,0.05097467906059737,0.01819793854225823,94,True
43,f5,ms_base_n0p5,0.5,adam,0.0,False,base,small,0.7509871668311945,0.11928828028922385,0.14393731396883092,0.1310069502351132,75,True
43,f5,ms_dp_n0p5,0.5,adam,0.2,False,dropout,small,0.7509871668311945,0.14322520649813592,0.16568288397281727,0.1724097858718101,50,False
43,f5,ms_wd_n0p5,0.5,adam,0.0,True,weight_decay,small,0.7509871668311945,0.12053146918720388,0.14414178484931905,0.12909936516525897,75,True
43,f5,ms_dpwd_n0p5,0.5,adam,0.2,True,dropout+weight_decay,small,0.501974333662389,0.1354740651998114,0.16688461482841918,0.14672361036881487,94,True
43,f5,ms_base_n1p0,1.0,adam,0.0,False,base,small,1.0,0.4680211328445597,0.5238568754272258,0.4741526934060645,75,True
43,f5,ms_dp_n1p0,1.0,adam,0.2,False,dropout,small,0.501974333662389,0.4841599293211673,0.5423497522765017,0.4994453432712149,98,True
43,f5,ms_wd_n1p0,1.0,adam,0.0,True,weight_decay,small,1.0,0.46894467130620426,0.5230164045983172,0.473022404820361,75,True
43,f5,ms_dpwd_n1p0,1.0,adam,0.2,True,dropout+weight_decay,small,0.501974333662389,0.4855787608217686,0.5432399777655906,0.48965083538217746,77,True
43,f6,ms_base_n0p0,0.0,adam,0.0,False,base,small,0.5009871668311945,0.008035961053076577,0.15274781741677446,0.011303959127039985,51,True
43,f6,ms_dp_n0p0,0.0,adam,0.2,False,dropout,small,0.501974333662389,0.16201278266120464,0.5275407804453627,1.0467226372120229,43,False
43,f6,ms_wd_n0p0,0.0,adam,0.0,True,weight_decay,small,0.5247966906407182,0.008716190853057073,0.15277760436243198,0.013861183820173461,23,True
43,f6,ms_dpwd_n0p0,0.0,adam,0.2,True,dropout+weight_decay,small,0.4186410003290556,0.22335372262812675,0.5326674260357593,0.6194532085606392,6,False
43,f6,ms_base_n0p5,0.5,adam,0.0,False,base,small,0.5259871668311945,2.8814047955452127,3.4085447433147023,2.961827127223319,34,True
43,f6,ms_dp_n0p5,0.5,adam,0.2,False,dropout,small,0.501974333662389,2.975603203824226,3.47541532871571,3.617888623095573,24,False
43,f6,ms_wd_n0p5,0.5,adam,0.0,True,weight_decay,small,0.41864100032905555,2.870301732357512,3.3866100362006653,2.9592073762670474,29,True
43,f6,ms_dpwd_n0p5,0.5,adam,0.2,True,dropout+weight_decay,small,0.501974333662389,2.9264322760257313,3.4808881713988935,3.7891079846848834,78,False
43,f6,ms_base_n1p0,1.0,adam,0.0,False,base,small,0.501974333662389,11.322744126015522,11.883281134544536,12.216870520977263,10,False
43,f6,ms_dp_n1p0,1.0,adam,0.2,False,dropout,small,0.501974333662389,11.254071626257389,11.992785920488073,11.521586575406664,29,True
43,f6,ms_wd_n1p0,1.0,adam,0.0,True,weight_decay,small,0.4186410003290556,11.30367681827951,11.857280345673257,12.064349823809685,10,False
43,f6,ms_dpwd_n1p0,1.0,adam,0.2,True,dropout+weight_decay,small,0.501974333662389,11.271448764395206,11.957032609493174,11.68368443022383,24,False
43,f7,ms_base_n0p0,0.0,adam,0.0,False,base,small,0.2529615004935834,0.00403173139536793,0.027162101634956422,0.006199596348178989,26,True
43,f7,ms_dp_n0p0,0.0,adam,0.2,False,dropout,small,0.501974333662389,0.03014829917315473,0.10773807930502485,0.07767607129000603,46,True
43,f7,ms_wd_n0p0,0.0,adam,0.0,True,weight_decay,small,0.2529615004935834,0.004513055801966247,0.027675832502860973,0.00621649114652834,20,True
43,f7,ms_dpwd_n0p0,0.0,adam,0.2,True,dropout+weight_decay,small,0.501974333662389,0.03182932098415938,0.10537679168455144,0.055615898578407916,25,True
43,f7,ms_base_n0p5,0.5,adam,0.0,False,base,small,0.501974333662389,1.0174059766404173,1.0544699233897188,1.0254556447901624,56,False
43,f7,ms_dp_n0p5,0.5,adam,0.2,False,dropout,small,0.2529615004935834,1.0343042016029358,1.07493080103651,1.1272453481846667,91,False
43,f7,ms_wd_n0p5,0.5,adam,0.0,True,weight_decay,small,0.41864100032905555,1.0195225940105763,1.0557868664569043,1.028247943583955,86,False
43,f7,ms_dpwd_n0p5,0.5,adam,0.2,True,dropout+weight_decay,small,0.501974333662389,1.0326209112684777,1.075645407463642,1.1634146095590387,91,False
43,f7,ms_base_n1p0,1.0,adam,0.0,False,base,small,0.2529615004935834,4.01953479837864,4.240924830132342,4.145570676377479,9,False
43,f7,ms_dp_n1p0,1.0,adam,0.2,False,dropout,small,0.501974333662389,4.0378707063959,4.128818801108827,4.118913521157935,46,False
43,f7,ms_wd_n1p0,1.0,adam,0.0,True,weight_decay,small,0.501974333662389,4.01792629728926,4.25004787394341,4.11322576948937,17,True
43,f7,ms_dpwd_n1p0,1.0,adam,0.2,True,dropout+weight_decay,small,0.2529615004935834,4.047798567629875,4.144823850469386,4.169864682441062,24,False
43,f8,ms_base_n0p0,0.0,adam,0.0,False,base,small,1.0,0.004431216479675409,0.03627786785364151,0.005354433818323973,57,True
43,f8,ms_dp_n0p0,0.0,adam,0.2,False,dropout,small,0.6458333333333333,0.06883559453281317,0.1189786229837448,0.07523459295167569,28,True
43,f8,ms_wd_n0p0,0.0,adam,0.0,True,weight_decay,small,1.0,0.0055412120294777,0.036727528979486605,0.005689564349248688,57,True
43,f8,ms_dpwd_n0p0,0.0,adam,0.2,True,dropout+weight_decay,small,0.6791666666666667,0.03658114724416048,0.1182415654209066,0.047019805422330155,65,True
43,f8,ms_base_n0p5,0.5,adam,0.0,False,base,small,0.6791666666666667,0.9912757182374914,1.1271955326516578,1.007769521880657,80,True
43,f8,ms_dp_n0p5,0.5,adam,0.2,False,dropout,small,0.6220238095238095,1.0260960656277678,1.1037100198421073,1.1258691771233336,66,False
43,f8,ms_wd_n0p5,0.5,adam,0.0,True,weight_decay,small,0.6791666666666667,0.9962409512793764,1.1257337002044028,1.0184382212922929,92,True
43,f8,ms_dpwd_n0p5,0.5,adam,0.2,True,dropout+weight_decay,small,0.4801538334978611,1.0380575257412932,1.105337121385209,1.1678789847708764,39,False
43,f8,ms_base_n1p0,1.0,adam,0.0,False,base,small,0.5,3.9172158748545547,4.18432860425178,3.942475856618678,43,True
43,f8,ms_dp_n1p0,1.0,adam,0.2,False,dropout,small,0.4426538334978611,3.945070857697345,4.196542633340714,4.004781568304021,48,True
43,f8,ms_wd_n1p0,1.0,adam,0.0,True,weight_decay,small,0.31973716683119446,3.9400147174267057,4.182809127138016,3.9778977581795227,28,True
43,f8,ms_dpwd_n1p0,1.0,adam,0.2,True,dropout+weight_decay,small,0.4801538334978611,3.953221506260811,4.190223090192105,3.9670160526924945,48,True
43,f9,ms_base_n0p0,0.0,adam,0.0,False,base,small,0.5759871668311944,0.010388038765163497,0.02837292414079321,0.014327797553244424,69,True
43,f9,ms_dp_n0p0,0.0,adam,0.2,False,dropout,small,0.501974333662389,0.03379138265835478,0.057239271502228496,0.04968338025773459,47,True
43,f9,ms_wd_n0p0,0.0,adam,0.0,True,weight_decay,small,0.501974333662389,0.011975383876446397,0.028305377256362996,0.01430784294659153,55,True
43,f9,ms_dpwd_n0p0,0.0,adam,0.2,True,dropout+weight_decay,small,0.501974333662389,0.034068726875046466,0.05559002326682527,0.06054753469342881,65,False
43,f9,ms_base_n0p5,0.5,adam,0.0,False,base,small,0.501974333662389,0.4146914345786927,0.45653699005537846,0.42095027990797734,89,True
43,f9,ms_dp_n0p5,0.5,adam,0.2,False,dropout,small,0.501974333662389,0.4340479846330399,0.46719306136699434,0.5044321122955768,78,False
43,f9,ms_wd_n0p5,0.5,adam,0.0,True,weight_decay,small,0.5947371668311945,0.4150025270720746,0.4579319567122358,0.42331978805521703,89,True
43,f9,ms_dpwd_n0p5,0.5,adam,0.2,True,dropout+weight_decay,small,0.501974333662389,0.4327968771153308,0.46471197332473513,0.46865594862623416,89,False
43,f9,ms_base_n1p0,1.0,adam,0.0,False,base,small,0.501974333662389,1.6020282240624124,1.6911384222355295,1.6106820924484984,33,True
43,f9,ms_dp_n1p0,1.0,adam,0.2,False,dropout,small,0.501974333662389,1.6167201869031216,1.7490892803415339,1.6167201869031216,100,True
43,f9,ms_wd_n1p0,1.0,adam,0.0,True,weight_decay,small,0.501974333662389,1.6062783839854788,1.704741895198822,1.609935921557406,64,True
43,f9,ms_dpwd_n1p0,1.0,adam,0.2,True,dropout+weight_decay,small,0.501974333662389,1.6194915099346892,1.7518220226815406,1.6243211766506762,4,True
43,f10,ms_base_n0p0,0.0,adam,0.0,False,base,small,1.0,0.0029730253142027305,0.042050649392160966,0.0036801020540495185,75,True
43,f10,ms_dp_n0p0,0.0,adam,0.2,False,dropout,small,0.7509871668311945,0.030042818351153362,0.10988359074009225,0.036986763113515175,36,True
43,f10,ms_wd_n0p0,0.0,adam,0.0,True,weight_decay,small,1.0,0.0035913623299727096,0.04223021133703754,0.0044144870307137995,75,True
43,f10,ms_dpwd_n0p0,0.0,adam,0.2,True,dropout+weight_decay,small,0.6884871668311945,0.019960344947398977,0.10875986579884873,0.03406601920327608,81,True
43,f10,ms_base_n0p5,0.5,adam,0.0,False,base,small,1.0,0.4400867502740089,0.5306310796357215,0.4482189635647104,92,True
43,f10,ms_dp_n0p5,0.5,adam,0.2,False,dropout,small,0.7509871668311945,0.47107735529859013,0.5470753698907,0.5039580641908848,98,True
43,f10,ms_wd_n0p5,0.5,adam,0.0,True,weight_decay,small,0.7509871668311945,0.4404715122060573,0.5297929159504302,0.4510982020738277,92,True
43,f10,ms_dpwd_n0p5,0.5,adam,0.2,True,dropout+weight_decay,small,0.6081300239740516,0.47012718307211043,0.5488255245888487,0.5026680833481728,60,True
43,f10,ms_base_n1p0,1.0,adam,0.0,False,base,small,0.7509871668311945,1.7534232786361208,1.8568195852827518,1.7605505496897595,39,True
43,f10,ms_dp_n1p0,1.0,adam,0.2,False,dropout,small,0.501974333662389,1.8019381507914116,1.8679513221091413,1.8208234043831522,36,False
43,f10,ms_wd_n1p0,1.0,adam,0.0,True,weight_decay,small,0.7509871668311945,1.751202235830591,1.8584229946136475,1.7600685408774843,39,True
43,f10,ms_dpwd_n1p0,1.0,adam,0.2,True,dropout+weight_decay,small,0.501974333662389,1.7816453157587255,1.8481266650747745,1.8322306110503825,36,False
44,f1,ms_base_n0p0,0.0,adam,0.0,False,base,small,0.19840290509096037,0.0021680998306305324,0.010200447125479262,0.0032956228180332703,61,True
44,f1,ms_dp_n0p0,0.0,adam,0.2,False,dropout,small,0.13076221245026773,0.007648921839179511,0.0169961311794976,0.008660135255690584,66,True
44,f1,ms_wd_n0p0,0.0,adam,0.0,True,weight_decay,small,0.22697433366238895,0.0023328920880808157,0.01060359395961178,0.004246845331161897,44,True
44,f1,ms_dpwd_n0p0,0.0,adam,0.2,True,dropout+weight_decay,small,0.1408632225512778,0.009297443831220586,0.018063611499568883,0.010124428831833475,58,True
44,f1,ms_base_n0p5,0.5,adam,0.0,False,base,small,0.30932050016452783,0.2223274476350622,0.2413255310756095,0.22805670442733358,88,True
44,f1,ms_dp_n0p5,0.5,adam,0.2,False,dropout,small,0.08629483382691674,0.22795253294579526,0.24730406907644678,0.23190050683123,77,True
44,f1,ms_wd_n0p5,0.5,adam,0.0,True,weight_decay,small,0.26765383349786115,0.22319623796229668,0.23899556728119545,0.23442739803106227,82,False
44,f1,ms_dpwd_n0p5,0.5,adam,0.2,True,dropout+weight_decay,small,0.06546150049358342,0.23151824131925056,0.2485208016760806,0.2355036627739034,52,True
44,f1,ms_base_n1p0,1.0,adam,0.0,False,base,small,0.18530766699572226,0.8776136497233776,0.9059656078511096,0.8912318906885512,44,False
44,f1,ms_dp_n1p0,1.0,adam,0.2,False,dropout,small,0.08629483382691674,0.8834418121804583,0.9118884744796347,0.9023633821213499,88,False
44,f1,ms_wd_n1p0,1.0,adam,0.0,True,weight_decay,small,0.1408632225512778,0.8782586753368378,0.907502514250735,0.8861737872691865,34,False
44,f1,ms_dpwd_n1p0,1.0,adam,0.2,True,dropout+weight_decay,small,0.08629483382691674,0.8861924428889092,0.9140345828330263,0.9037434268505016,63,False
44,f2,ms_base_n0p0,0.0,adam,0.0,False,base,small,0.08629483382691674,0.008431479899569395,0.051037295899809675,0.011244863648205362,93,True
44,f2,ms_dp_n0p0,0.0,adam,0.2,False,dropout,small,0.2103076669957223,0.033509282415059016,0.07368934142621274,0.03946613865171341,61,True
44,f2,ms_wd_n0p0,0.0,adam,0.0,True,weight_decay,small,0.2936410003290556,0.008964685559708705,0.05246611276364073,0.01033954112790525,39,True
44,f2,ms_dpwd_n0p0,0.0,adam,0.2,True,dropout+weight_decay,small,0.2103076669957223,0.03429573152135027,0.07514809044276147,0.036565959096906034,96,True
44,f2,ms_base_n0p5,0.5,adam,0.0,False,base,small,0.2936410003290556,0.20204187121163023,0.2502482574670873,0.20907022597941946,92,True
44,f2,ms_dp_n0p5,0.5,adam,0.2,False,dropout,small,0.44265383349786114,0.21909403420509177,0.2590400941194372,0.2382765680234483,83,True
44,f2,ms_wd_n0p5,0.5,adam,0.0,True,weight_decay,small,0.2936410003290556,0.1946669006918339,0.2521701366343397,0.20297032769056075,54,True
44,f2,ms_dpwd_n0p5,0.5,adam,0.2,True,dropout+weight_decay,small,0.2103076669957223,0.2173099341861745,0.26035815287143627,0.22570038586854935,83,True
44,f2,ms_base_n1p0,1.0,adam,0.0,False,base,small,0.39979669064071827,0.7534862953297635,0.8054057163126925,0.7662014304957492,49,True
44,f2,ms_dp_n1p0,1.0,adam,0.2,False,dropout,small,0.25197433366238897,0.7636189882425551,0.8142345801312872,0.8103591330507969,62,False
44,f2,ms_wd_n1p0,1.0,adam,0.0,True,weight_decay,small,0.2936410003290556,0.7417528775144131,0.8048807128946832,0.7533222601768819,70,True
44,f2,ms_dpwd_n1p0,1.0,adam,0.2,True,dropout+weight_decay,small,0.2103076669957223,0.7660390969286573,0.8121640168605967,0.7792301533070016,60,True
44,f3,ms_base_n0p0,0.0,adam,0.0,False,base,small,0.47275641025641024,0.010494649544001576,0.08217410299372166,0.012991773742350174,94,True
44,f3,ms_dp_n0p0,0.0,adam,0.2,False,dropout,small,0.2529615004935834,0.0887657622707651,0.1603331858331853,0.10666936588414172,46,True
44,f3,ms_wd_n0p0,0.0,adam,0.0,True,weight_decay,small,0.5426538334978611,0.013740030236225179,0.08324201262377678,0.014817655552178621,71,True
44,f3,ms_dpwd_n0p0,0.0,adam,0.2,True,dropout+weight_decay,small,0.2529615004935834,0.08199640922248363,0.16287107947976032,0.10355121844467964,95,True
44,f3,ms_base_n0p5,0.5,adam,0.0,False,base,small,0.4697371668311945,0.638330358140012,0.7637706215077258,0.6511225402355194,70,True
44,f3,ms_dp_n0p5,0.5,adam,0.2,False,dropout,small,0.2529615004935834,0.6923754443513587,0.829396996726381,0.7043392756517898,23,True
44,f3,ms_wd_n0p5,0.5,adam,0.0,True,weight_decay,small,0.5821428571428571,0.6281258153154495,0.7672221854012063,0.6397697370737156,95,True
44,f3,ms_dpwd_n0p5,0.5,adam,0.2,True,dropout+weight_decay,small,0.2529615004935834,0.6863592219479541,0.8221716348161089,0.6863592219479541,100,True
44,f3,ms_base_n1p0,1.0,adam,0.0,False,base,small,0.31447433366238897,2.4498203815297876,2.6653327827757978,2.4763074834296046,57,True
44,f3,ms_dp_n1p0,1.0,adam,0.2,False,dropout,small,0.2529615004935834,2.5260134199832347,2.6487281943889376,2.637216964934735,53,False
44,f3,ms_wd_n1p0,1.0,adam,0.0,True,weight_decay,small,0.30197433366238896,2.421127637650104,2.658750130775127,2.462238088567206,60,True
44,f3,ms_dpwd_n1p0,1.0,adam,0.2,True,dropout+weight_decay,small,0.2529615004935834,2.5052181850088404,2.6526319156301783,2.542548619686289,69,True
44,f4,ms_base_n0p0,0.0,adam,0.0,False,base,small,0.4029615004935834,0.013163644077375214,0.09505417407985697,0.016930975218085533,79,True
44,f4,ms_dp_n0p0,0.0,adam,0.2,False,dropout,small,0.4029615004935834,0.09421030103050648,0.1848766561993893,0.17439758912362952,44,True
44,f4,ms_wd_n0p0,0.0,adam,0.0,True,weight_decay,small,0.4553076669957223,0.014465630366566016,0.09580708881641956,0.019045121819177207,82,True
44,f4,ms_dpwd_n0p0,0.0,adam,0.2,True,dropout+weight_decay,small,0.4029615004935834,0.08597168239190224,0.18448782577476602,0.1282727227724613,74,True
44,f4,ms_base_n0p5,0.5,adam,0.0,False,base,small,0.5936507936507935,0.6803723633923429,0.8368336095454845,0.7010249923518364,85,True
44,f4,ms_dp_n0p5,0.5,adam,0.2,False,dropout,small,0.4029615004935834,0.7522749136737052,0.9069290896679493,0.7645621737267109,40,True
44,f4,ms_wd_n0p5,0.5,adam,0.0,True,weight_decay,small,0.3436410003290556,0.6844401197864655,0.8369996233823451,0.7081190493512661,85,True
44,f4,ms_dpwd_n0p5,0.5,adam,0.2,True,dropout+weight_decay,small,0.4029615004935834,0.744455542336119,0.9087933238516462,0.7737062972910861,57,True
44,f4,ms_base_n1p0,1.0,adam,0.0,False,base,small,0.2601043576364406,2.661242474900915,2.8757983331984662,2.690676928834712,94,True
44,f4,ms_dp_n1p0,1.0,adam,0.2,False,dropout,small,0.4029615004935834,2.7125970315425953,2.884234957238461,2.7575425657820194,77,True
44,f4,ms_wd_n1p0,1.0,adam,0.0,True,weight_decay,small,0.26962816716025007,2.65667913315144,2.8872391682990055,2.6814455034885,81,True
44,f4,ms_dpwd_n1p0,1.0,adam,0.2,True,dropout+weight_decay,small,0.4029615004935834,2.7272523971314127,2.8871318406247077,2.7550091109377273,98,True
44,f5,ms_base_n0p0,0.0,adam,0.0,False,base,small,0.8928571428571428,0.0026592955902278266,0.014650606441291724,0.00300395729619653,57,True
44,f5,ms_dp_n0p0,0.0,adam,0.2,False,dropout,small,0.501974333662389,0.0230707172205315,0.04683885176448112,0.026185793564357657,96,True
44,f5,ms_wd_n0p0,0.0,adam,0.0,True,weight_decay,small,0.8928571428571428,0.00276073465554757,0.01526513966196712,0.0033667231823238447,74,True
44,f5,ms_dpwd_n0p0,0.0,adam,0.2,True,dropout+weight_decay,small,0.501974333662389,0.017827856919153572,0.04718187839743939,0.01832592431852158,94,True
44,f5,ms_base_n0p5,0.5,adam,0.0,False,base,small,0.8611111111111112,0.12782674369976876,0.1736244816887886,0.13125964198657808,86,True
44,f5,ms_dp_n0p5,0.5,adam,0.2,False,dropout,small,0.501974333662389,0.14764420275992535,0.18905856618855862,0.15758054679695596,53,True
44,f5,ms_wd_n0p5,0.5,adam,0.0,True,weight_decay,small,0.85,0.12852955007172645,0.1744658903397144,0.1339474710378241,86,True
44,f5,ms_dpwd_n0p5,0.5,adam,0.2,True,dropout+weight_decay,small,0.501974333662389,0.14231531393337757,0.18975904996090748,0.1592324529873564,85,True
44,f5,ms_base_n1p0,1.0,adam,0.0,False,base,small,0.8611111111111112,0.49978843109404786,0.5548620984909383,0.5040141543809403,95,True
44,f5,ms_dp_n1p0,1.0,adam,0.2,False,dropout,small,0.501974333662389,0.5147623369034301,0.5793341188988788,0.5310010047669106,60,True
44,f5,ms_wd_n1p0,1.0,adam,0.0,True,weight_decay,small,0.7509871668311945,0.4990379236480023,0.5558930254997091,0.5068338554590306,57,True
44,f5,ms_dpwd_n1p0,1.0,adam,0.2,True,dropout+weight_decay,small,0.501974333662389,0.5135526834650243,0.5799752657717847,0.5263989231687911,66,True
44,f6,ms_base_n0p0,0.0,adam,0.0,False,base,small,0.7291666666666666,0.0068621236578303765,0.11897504670505828,0.008486169692564835,44,True
44,f6,ms_dp_n0p0,0.0,adam,0.2,False,dropout,small,0.37697433366238897,0.2020410436423535,0.43777905499681513,0.8979015727626517,18,False
44,f6,ms_wd_n0p0,0.0,adam,0.0,True,weight_decay,small,0.5247966906407182,0.009727995753526054,0.11064815406311065,0.009833917338797387,80,True
44,f6,ms_dpwd_n0p0,0.0,adam,0.2,True,dropout+weight_decay,small,0.501974333662389,0.19539008519433915,0.43736784508887755,0.7979248739937519,18,False
44,f6,ms_base_n0p5,0.5,adam,0.0,False,base,small,0.7019230769230769,2.9827413837960424,3.548159084421523,3.09878353108751,29,True
44,f6,ms_dp_n0p5,0.5,adam,0.2,False,dropout,small,0.501974333662389,3.0991741355429303,3.43738865218264,3.767362353649545,21,False
44,f6,ms_wd_n0p5,0.5,adam,0.0,True,weight_decay,small,0.501974333662389,2.9484655032766627,3.530893617487968,3.061030077173355,29,True
44,f6,ms_dpwd_n0p5,0.5,adam,0.2,True,dropout+weight_decay,small,0.501974333662389,3.1328917868593904,3.4295111856562026,3.87858200326879,49,False
44,f6,ms_base_n1p0,1.0,adam,0.0,False,base,small,0.37697433366238897,11.801379619760716,12.114474600933967,12.626239553410956,7,False
44,f6,ms_dp_n1p0,1.0,adam,0.2,False,dropout,small,0.501974333662389,11.774188614906148,12.347111336728359,12.653169144975378,21,False
44,f6,ms_wd_n1p0,1.0,adam,0.0,True,weight_decay,small,0.6259871668311945,11.77821279079356,12.101407071377368,12.569390494772728,15,False
44,f6,ms_dpwd_n1p0,1.0,adam,0.2,True,dropout+weight_decay,small,0.501974333662389,11.806937268439759,12.336930422072715,12.540685105831065,21,False
44,f7,ms_base_n0p0,0.0,adam,0.0,False,base,small,0.2529615004935834,0.00413105087206164,0.02480660211493043,0.005949508552340434,82,True
44,f7,ms_dp_n0p0,0.0,adam,0.2,False,dropout,small,0.2529615004935834,0.0285852290095484,0.05362723165370049,0.07543849849954565,76,False
44,f7,ms_wd_n0p0,0.0,adam,0.0,True,weight_decay,small,0.2529615004935834,0.004134748270982837,0.025953634869941372,0.007024014745145402,74,True
44,f7,ms_dpwd_n0p0,0.0,adam,0.2,True,dropout+weight_decay,small,0.501974333662389,0.03169323434617291,0.06013305453543968,0.08230471389090761,93,False
44,f7,ms_base_n0p5,0.5,adam,0.0,False,base,small,0.501974333662389,1.110679213670974,1.1864979241756684,1.1276241934045832,95,True
44,f7,ms_dp_n0p5,0.5,adam,0.2,False,dropout,small,0.501974333662389,1.1295997164350875,1.199974071472249,1.1494069714495476,95,True
44,f7,ms_wd_n0p5,0.5,adam,0.0,True,weight_decay,small,0.501974333662389,1.1052777329657941,1.1821460470240166,1.1230416380344552,70,True
44,f7,ms_dpwd_n0p5,0.5,adam,0.2,True,dropout+weight_decay,small,0.4186410003290556,1.131670355162722,1.1945888907351392,1.154447504814635,91,True
44,f7,ms_base_n1p0,1.0,adam,0.0,False,base,small,0.4186410003290556,4.360508591570753,4.430312397632193,4.468550357412784,16,False
44,f7,ms_dp_n1p0,1.0,adam,0.2,False,dropout,small,0.501974333662389,4.3870936936520515,4.413605728047959,4.4281449444750525,15,False
44,f7,ms_wd_n1p0,1.0,adam,0.0,True,weight_decay,small,0.4186410003290556,4.362518635201962,4.430128853371802,4.426018938105157,15,False
44,f7,ms_dpwd_n1p0,1.0,adam,0.2,True,dropout+weight_decay,small,0.501974333662389,4.388090463394814,4.415229421980838,4.494458348193067,28,False
44,f8,ms_base_n0p0,0.0,adam,0.0,False,base,small,0.6791666666666667,0.004561467720393805,0.04307128808045007,0.005275450758338767,85,True
44,f8,ms_dp_n0p0,0.0,adam,0.2,False,dropout,small,0.6458333333333333,0.057708786166411764,0.10644827057865072,0.07434545928969029,80,True
44,f8,ms_wd_n0p0,0.0,adam,0.0,True,weight_decay,small,0.6791666666666667,0.005239076709295524,0.04334824223150598,0.006803967754673609,85,True
44,f8,ms_dpwd_n0p0,0.0,adam,0.2,True,dropout+weight_decay,small,0.6458333333333333,0.04092917204933598,0.10885404617069884,0.07548688982236892,68,True
44,f8,ms_base_n0p5,0.5,adam,0.0,False,base,small,0.6791666666666667,1.0760062108648585,1.1870290706766413,1.0913561126019091,94,True
44,f8,ms_dp_n0p5,0.5,adam,0.2,False,dropout,small,0.6041666666666666,1.1099898675654798,1.213674929547817,1.2831216048687062,81,False
44,f8,ms_wd_n0p5,0.5,adam,0.0,True,weight_decay,small,0.6791666666666667,1.0777924447617633,1.1904629145530945,1.121034547369531,94,True
44,f8,ms_dpwd_n0p5,0.5,adam,0.2,True,dropout+weight_decay,small,0.6458333333333333,1.1120071151155106,1.2167092491971685,1.211979036635541,10,False
44,f8,ms_base_n1p0,1.0,adam,0.0,False,base,small,0.7333333333333333,4.285635382571119,4.379067829314699,4.324297603140486,63,False
44,f8,ms_dp_n1p0,1.0,adam,0.2,False,dropout,small,0.4801538334978611,4.299102057801917,4.481981013683563,4.379352777562243,60,False
44,f8,ms_wd_n1p0,1.0,adam,0.0,True,weight_decay,small,0.4801538334978611,4.286703698178555,4.377585345126213,4.352534043027999,28,False
44,f8,ms_dpwd_n1p0,1.0,adam,0.2,True,dropout+weight_decay,small,0.4801538334978611,4.301509466577084,4.483358827043087,4.382006409320425,92,False
44,f9,ms_base_n0p0,0.0,adam,0.0,False,base,small,0.501974333662389,0.011509053958976206,0.02936322697775161,0.01311068421110828,58,True
44,f9,ms_dp_n0p0,0.0,adam,0.2,False,dropout,small,0.501974333662389,0.027457487313671314,0.05401731637167804,0.04694420491602826,77,True
44,f9,ms_wd_n0p0,0.0,adam,0.0,True,weight_decay,small,0.501974333662389,0.011409094834581334,0.02986496996055258,0.015229273319957739,74,True
44,f9,ms_dpwd_n0p0,0.0,adam,0.2,True,dropout+weight_decay,small,0.501974333662389,0.029258462937271343,0.05578988717195201,0.07074793126988918,29,False
44,f9,ms_base_n0p5,0.5,adam,0.0,False,base,small,0.501974333662389,0.43958364712431075,0.5092057810818895,0.4519098274251248,85,True
44,f9,ms_dp_n0p5,0.5,adam,0.2,False,dropout,small,0.501974333662389,0.456564170566011,0.5312386361208368,0.491657314782447,47,True
44,f9,ms_wd_n0p5,0.5,adam,0.0,True,weight_decay,small,0.501974333662389,0.4400792724274574,0.5058700623030358,0.4521739568482054,49,True
44,f9,ms_dpwd_n0p5,0.5,adam,0.2,True,dropout+weight_decay,small,0.501974333662389,0.4523029149846828,0.5302302501303084,0.48078180215460187,92,True
44,f9,ms_base_n1p0,1.0,adam,0.0,False,base,small,0.501974333662389,1.71123521125063,1.7559047569619848,1.7438466105055301,22,False
44,f9,ms_dp_n1p0,1.0,adam,0.2,False,dropout,small,0.501974333662389,1.7190146991547117,1.7716389070165919,1.8035340385234102,14,False
44,f9,ms_wd_n1p0,1.0,adam,0.0,True,weight_decay,small,0.501974333662389,1.7111522961170116,1.7539819060487951,1.7390606289214277,19,False
44,f9,ms_dpwd_n1p0,1.0,adam,0.2,True,dropout+weight_decay,small,0.501974333662389,1.7232097881905577,1.7716852515301806,1.794502058561812,93,False
44,f10,ms_base_n0p0,0.0,adam,0.0,False,base,small,1.0,0.003248830579785987,0.025635135211446818,0.005078871305932865,98,True
44,f10,ms_dp_n0p0,0.0,adam,0.2,False,dropout,small,0.6509871668311944,0.02757154130674106,0.06149105466109641,0.04142334538095809,76,True
44,f10,ms_wd_n0p0,0.0,adam,0.0,True,weight_decay,small,1.0,0.003427573731119566,0.02587694217985932,0.004902983388982396,67,True
44,f10,ms_dpwd_n0p0,0.0,adam,0.2,True,dropout+weight_decay,small,0.5426538334978611,0.01956138416054718,0.06181975497685848,0.030703885322238538,96,True
44,f10,ms_base_n0p5,0.5,adam,0.0,False,base,small,1.0,0.48363498550780276,0.6081308652745917,0.4922279531651355,57,True
44,f10,ms_dp_n0p5,0.5,adam,0.2,False,dropout,small,0.6884871668311945,0.515990859967597,0.579667367833726,0.5285905970537916,71,True
44,f10,ms_wd_n0p5,0.5,adam,0.0,True,weight_decay,small,1.0,0.48557712327926716,0.6083793513318325,0.49484455109910763,49,True
44,f10,ms_dpwd_n0p5,0.5,adam,0.2,True,dropout+weight_decay,small,0.6259871668311945,0.5097028565533618,0.5807617249641013,0.5235376148781878,52,True
44,f10,ms_base_n1p0,1.0,adam,0.0,False,base,small,0.7509871668311945,1.9225169369514952,2.050136777948826,1.9410302854598838,30,True
44,f10,ms_dp_n1p0,1.0,adam,0.2,False,dropout,small,0.6884871668311945,1.9652708312298388,2.038517287436952,2.030251146631038,39,False
44,f10,ms_wd_n1p0,1.0,adam,0.0,True,weight_decay,small,0.7509871668311945,1.9204295949733003,2.0539043723268713,1.9464229548231085,60,True
44,f10,ms_dpwd_n1p0,1.0,adam,0.2,True,dropout+weight_decay,small,0.501974333662389,1.945982685748567,2.0360247264517115,1.97692531093638,30,False
45,f1,ms_base_n0p0,0.0,adam,0.0,False,base,small,0.3759871668311945,0.0020831041236190084,0.017976296599954367,0.002356260762292337,97,True
45,f1,ms_dp_n0p0,0.0,adam,0.2,False,dropout,small,0.14086322255127784,0.00716590028791193,0.01831219994284688,0.010951090906251302,62,True
45,f1,ms_wd_n0p0,0.0,adam,0.0,True,weight_decay,small,0.3030705001645278,0.0021294963198089773,0.011348283299779955,0.004521058072296387,37,True
45,f1,ms_dpwd_n0p0,0.0,adam,0.2,True,dropout+weight_decay,small,0.14086322255127784,0.008980398987756764,0.01833841127363291,0.01099047756337739,69,True
45,f1,ms_base_n0p5,0.5,adam,0.0,False,base,small,0.2291340199780476,0.21620060503482819,0.26057846891753217,0.22044924805138974,90,True
45,f1,ms_dp_n0p5,0.5,adam,0.2,False,dropout,small,0.08629483382691674,0.2245065355871586,0.2690206011559101,0.22636041901213058,70,True
45,f1,ms_wd_n0p5,0.5,adam,0.0,True,weight_decay,small,0.16030766699572227,0.21691561157399036,0.2571790681240406,0.22162942620033912,61,True
45,f1,ms_dpwd_n0p5,0.5,adam,0.2,True,dropout+weight_decay,small,0.08629483382691674,0.22637693552260704,0.2587311626114744,0.22908746419434853,55,True
45,f1,ms_base_n1p0,1.0,adam,0.0,False,base,small,0.11447433366238895,0.8532165225515974,0.9081098069535926,0.8628085363418498,79,True
45,f1,ms_dp_n1p0,1.0,adam,0.2,False,dropout,small,0.06546150049358342,0.8630429582392916,0.9654784836667649,0.8690938695948175,79,True
45,f1,ms_wd_n1p0,1.0,adam,0.0,True,weight_decay,small,0.1279615004935834,0.8544519213919944,0.9127576097528985,0.8637159327243237,28,True
45,f1,ms_dpwd_n1p0,1.0,adam,0.2,True,dropout+weight_decay,small,0.12102195271000799,0.8631310393201544,0.967179425219272,0.8722918458441471,50,True
45,f2,ms_base_n0p0,0.0,adam,0.0,False,base,small,0.4176538334978611,0.010108626725033243,0.046851577375956036,0.011865558939926486,91,True
45,f2,ms_dp_n0p0,0.0,adam,0.2,False,dropout,small,0.4186410003290556,0.04536287551943926,0.06633463551468671,0.04850775086657798,91,True
45,f2,ms_wd_n0p0,0.0,adam,0.0,True,weight_decay,small,0.2936410003290556,0.008523979754325874,0.048728232866430535,0.009497894043538799,79,True
45,f2,ms_dpwd_n0p0,0.0,adam,0.2,True,dropout+weight_decay,small,0.21030766699572226,0.02936588410050311,0.06562711988040741,0.04376047001557147,72,True
45,f2,ms_base_n0p5,0.5,adam,0.0,False,base,small,0.15673623842429368,0.1927326535607906,0.24156151965577552,0.19311276791577645,54,True
45,f2,ms_dp_n0p5,0.5,adam,0.2,False,dropout,small,0.4186410003290556,0.22983024221785525,0.26069637514809346,0.23327684909739393,74,True
45,f2,ms_wd_n0p5,0.5,adam,0.0,True,weight_decay,small,0.2936410003290556,0.19072810956772338,0.24001341693578881,0.19304481243833582,69,True
45,f2,ms_dpwd_n0p5,0.5,adam,0.2,True,dropout+weight_decay,small,0.21030766699572226,0.21358026469007452,0.2606493466077967,0.2339804987324045,82,True
45,f2,ms_base_n1p0,1.0,adam,0.0,False,base,small,0.15673623842429368,0.7330297545549718,0.8079748318550435,0.7407334136201981,83,True
45,f2,ms_dp_n1p0,1.0,adam,0.2,False,dropout,small,0.4186410003290556,0.7579076924222581,0.8201439146031725,0.7602527059139089,81,True
45,f2,ms_wd_n1p0,1.0,adam,0.0,True,weight_decay,small,0.12376920545726074,0.7306447498341824,0.8053195438486465,0.7358924473853822,54,True
45,f2,ms_dpwd_n1p0,1.0,adam,0.2,True,dropout+weight_decay,small,0.16447433366238895,0.7580319065996941,0.8199492223719334,0.7722181791954852,81,True
45,f3,ms_base_n0p0,0.0,adam,0.0,False,base,small,0.35197433366238895,0.021598283944532594,0.09400243038668278,0.029042551789353502,74,True
45,f3,ms_dp_n0p0,0.0,adam,0.2,False,dropout,small,0.2529615004935834,0.09778565192159186,0.15710916481119522,0.12115874569466774,71,True
45,f3,ms_wd_n0p0,0.0,adam,0.0,True,weight_decay,small,0.5691689850130126,0.01608788397440568,0.09340113686754349,0.02048739304449013,93,True
45,f3,ms_dpwd_n0p0,0.0,adam,0.2,True,dropout+weight_decay,small,0.2529615004935834,0.07851227713709182,0.15282176165504657,0.10720767306679106,56,True
45,f3,ms_base_n0p5,0.5,adam,0.0,False,base,small,0.4186410003290556,0.6337941013118054,0.7853342871716682,0.6494670503951133,91,True
45,f3,ms_dp_n0p5,0.5,adam,0.2,False,dropout,small,0.2529615004935834,0.7018328305888684,0.7814533913389166,0.7216070465585018,47,True
45,f3,ms_wd_n0p5,0.5,adam,0.0,True,weight_decay,small,0.354558595402623,0.6395715335582165,0.7843923185099947,0.6446905443643002,98,True
45,f3,ms_dpwd_n0p5,0.5,adam,0.2,True,dropout+weight_decay,small,0.2529615004935834,0.6955534809447349,0.7874907369309283,0.7094764316335638,49,True
45,f3,ms_base_n1p0,1.0,adam,0.0,False,base,small,0.3353076669957223,2.4415978091828365,2.5667818619849836,2.465127191645034,91,True
45,f3,ms_dp_n1p0,1.0,adam,0.2,False,dropout,small,0.2529615004935834,2.5581993460655212,2.6547981208943305,2.618934821575246,25,False
45,f3,ms_wd_n1p0,1.0,adam,0.0,True,weight_decay,small,0.3769743336623889,2.4458885015325342,2.559876269482552,2.4690537478061434,63,True
45,f3,ms_dpwd_n1p0,1.0,adam,0.2,True,dropout+weight_decay,small,0.003948667324777887,2.5196766193876874,2.655277343506509,2.5282587104655327,67,True
45,f4,ms_base_n0p0,0.0,adam,0.0,False,base,small,0.6815508021390374,0.030118930064379535,0.10588455850139578,0.040869698879566596,74,True
45,f4,ms_dp_n0p0,0.0,adam,0.2,False,dropout,small,0.4029615004935834,0.13191866058301419,0.1879203422589505,0.17414759400677174,98,True
45,f4,ms_wd_n0p0,0.0,adam,0.0,True,weight_decay,small,0.7247619047619047,0.014758425764739513,0.10613775847757116,0.018694108461049644,92,True
45,f4,ms_dpwd_n0p0,0.0,adam,0.2,True,dropout+weight_decay,small,0.4029615004935834,0.08338825380865564,0.1815033493999471,0.11950343863127079,49,True
45,f4,ms_base_n0p5,0.5,adam,0.0,False,base,small,0.4029615004935834,0.6929145896054328,0.8590057523960762,0.7059523190589662,91,True
45,f4,ms_dp_n0p5,0.5,adam,0.2,False,dropout,small,0.4029615004935834,0.8162880907667444,0.8763989888607188,0.8266219198703766,77,True
45,f4,ms_wd_n0p5,0.5,adam,0.0,True,weight_decay,small,0.4648760557200834,0.6897355742911075,0.8615401070168678,0.6973250118341852,98,True
45,f4,ms_dpwd_n0p5,0.5,adam,0.2,True,dropout+weight_decay,small,0.4029615004935834,0.7733281774723784,0.8767040397258515,0.7812340462461431,98,True
45,f4,ms_base_n1p0,1.0,adam,0.0,False,base,small,0.24296150049358342,2.6502320233811725,2.774553637555305,2.6728751862302738,91,True
45,f4,ms_dp_n1p0,1.0,adam,0.2,False,dropout,small,0.4029615004935834,2.7598531753458877,2.873884124958769,2.808868978885894,25,False
45,f4,ms_wd_n1p0,1.0,adam,0.0,True,weight_decay,small,0.26962816716025007,2.6322332265529225,2.7855101050214564,2.665821581444842,43,True
45,f4,ms_dpwd_n1p0,1.0,adam,0.2,True,dropout+weight_decay,small,0.2039486673247779,2.720510783347678,2.876909997869045,2.76514622505675,98,True
45,f5,ms_base_n0p0,0.0,adam,0.0,False,base,small,0.7509871668311945,0.0023965785141162417,0.025251282339400435,0.0033105546447567327,71,True
45,f5,ms_dp_n0p0,0.0,adam,0.2,False,dropout,small,0.7509871668311945,0.022025257775044823,0.0552853783394428,0.03239510711678799,35,True
45,f5,ms_wd_n0p0,0.0,adam,0.0,True,weight_decay,small,0.7509871668311945,0.002758159962274689,0.02566383533338283,0.004842659158810498,77,True
45,f5,ms_dpwd_n0p0,0.0,adam,0.2,True,dropout+weight_decay,small,0.501974333662389,0.015231279775183251,0.056138561761125604,0.023762408544884085,77,True
45,f5,ms_base_n0p5,0.5,adam,0.0,False,base,small,0.8611111111111112,0.1310701774472886,0.1708544136044827,0.13366744294762611,26,True
45,f5,ms_dp_n0p5,0.5,adam,0.2,False,dropout,small,0.7509871668311945,0.1545059824402028,0.181937482762844,0.17644387031806277,55,True
45,f5,ms_wd_n0p5,0.5,adam,0.0,True,weight_decay,small,0.7509871668311945,0.12946479442588826,0.17150092497467995,0.13086733554906033,26,True
45,f5,ms_dpwd_n0p5,0.5,adam,0.2,True,dropout+weight_decay,small,0.501974333662389,0.144490574981938,0.18303630485179576,0.15273086227318075,80,True
45,f5,ms_base_n1p0,1.0,adam,0.0,False,base,small,0.7509871668311945,0.4984066181994499,0.5808795693706958,0.5034863990037999,91,True
45,f5,ms_dp_n1p0,1.0,adam,0.2,False,dropout,small,0.7509871668311945,0.5286281600277475,0.5610690218337039,0.545929064458989,53,False
45,f5,ms_wd_n1p0,1.0,adam,0.0,True,weight_decay,small,0.95,0.5001680711482434,0.5803790748753446,0.5066314298421779,91,True
45,f5,ms_dpwd_n1p0,1.0,adam,0.2,True,dropout+weight_decay,small,0.501974333662389,0.5178808119702847,0.5635659919774278,0.5279526891226464,98,True
45,f6,ms_base_n0p0,0.0,adam,0.0,False,base,small,0.41864100032905555,0.006078583792723874,0.11974483938451777,0.032476960760640335,85,True
45,f6,ms_dp_n0p0,0.0,adam,0.2,False,dropout,small,0.501974333662389,0.16661434921812504,0.5161727289570138,0.9634924213936988,5,False
45,f6,ms_wd_n0p0,0.0,adam,0.0,True,weight_decay,small,0.4186410003290556,0.007925175665382376,0.12348539960828234,0.024442484830208916,85,True
45,f6,ms_dpwd_n0p0,0.0,adam,0.2,True,dropout+weight_decay,small,0.501974333662389,0.17190480374909461,0.5125888503612356,0.6685194785290576,5,False
45,f6,ms_base_n0p5,0.5,adam,0.0,False,base,small,0.5947371668311945,2.98590893694695,3.467812611701641,3.1578729317543353,26,True
45,f6,ms_dp_n0p5,0.5,adam,0.2,False,dropout,small,0.501974333662389,3.1050405096500477,3.6446290574175246,4.018461118353174,56,False
45,f6,ms_wd_n0p5,0.5,adam,0.0,True,weight_decay,small,0.7361111111111112,2.998500920356588,3.435383915901184,3.079338776304367,40,True
45,f6,ms_dpwd_n0p5,0.5,adam,0.2,True,dropout+weight_decay,small,0.501974333662389,3.075178337858078,3.6906119661128267,4.019172318438266,26,False
45,f6,ms_base_n1p0,1.0,adam,0.0,False,base,small,0.501974333662389,11.757020635807768,12.61446104658411,12.554404928329143,18,False
45,f6,ms_dp_n1p0,1.0,adam,0.2,False,dropout,small,0.501974333662389,11.789969520365938,12.38267315194962,12.272897791355215,15,False
45,f6,ms_wd_n1p0,1.0,adam,0.0,True,weight_decay,small,0.501974333662389,11.705755700456335,12.605681936791603,12.232788339574286,18,False
45,f6,ms_dpwd_n1p0,1.0,adam,0.2,True,dropout+weight_decay,small,0.501974333662389,11.756208206744905,12.371265898359583,12.314267178799243,64,False
45,f7,ms_base_n0p0,0.0,adam,0.0,False,base,small,0.6509871668311945,0.004974669940333734,0.02185647930712142,0.005346410006205452,85,True
45,f7,ms_dp_n0p0,0.0,adam,0.2,False,dropout,small,0.2529615004935834,0.027996132021492467,0.06621806040168443,0.13688922578350027,59,False
45,f7,ms_wd_n0p0,0.0,adam,0.0,True,weight_decay,small,0.5947371668311945,0.005269406526844869,0.023431557696312666,0.006121291169658937,93,True
45,f7,ms_dpwd_n0p0,0.0,adam,0.2,True,dropout+weight_decay,small,0.2529615004935834,0.029514285636709093,0.06875276149428905,0.09573917015594371,81,False
45,f7,ms_base_n0p5,0.5,adam,0.0,False,base,small,0.501974333662389,1.0720541724499235,1.2212452774352216,1.0720541724499235,100,True
45,f7,ms_dp_n0p5,0.5,adam,0.2,False,dropout,small,0.2529615004935834,1.0861587486368545,1.2360050811412486,1.1694783308404557,18,True
45,f7,ms_wd_n0p5,0.5,adam,0.0,True,weight_decay,small,0.501974333662389,1.0731801758421229,1.2090151430444513,1.0795624161020239,39,True
45,f7,ms_dpwd_n0p5,0.5,adam,0.2,True,dropout+weight_decay,small,0.2529615004935834,1.090199554854251,1.2395807847063591,1.2532974221604936,26,False
45,f7,ms_base_n1p0,1.0,adam,0.0,False,base,small,0.2529615004935834,4.264751414035229,4.4546496817406185,4.334490466625132,19,False
45,f7,ms_dp_n1p0,1.0,adam,0.2,False,dropout,small,0.4186410003290556,4.258934528269666,4.588032456154519,4.3183002218287045,6,True
45,f7,ms_wd_n1p0,1.0,adam,0.0,True,weight_decay,small,0.2529615004935834,4.257609737680314,4.4727909235244105,4.2832786225258035,19,True
45,f7,ms_dpwd_n1p0,1.0,adam,0.2,True,dropout+weight_decay,small,0.2529615004935834,4.263674157731076,4.600496276896051,4.3169859241932,38,True
45,f8,ms_base_n0p0,0.0,adam,0.0,False,base,small,1.0,0.0035853967506517754,0.029977397993206978,0.003959651503890277,84,True
45,f8,ms_dp_n0p0,0.0,adam,0.2,False,dropout,small,0.6220238095238095,0.04808529622932064,0.13582489782191337,0.06794488976927514,97,True
45,f8,ms_wd_n0p0,0.0,adam,0.0,True,weight_decay,small,0.6791666666666667,0.002558652961755449,0.029401192649644105,0.005173675131369779,29,True
45,f8,ms_dpwd_n0p0,0.0,adam,0.2,True,dropout+weight_decay,small,0.6791666666666667,0.0302097780550731,0.1293760725158326,0.04800857853223669,97,True
45,f8,ms_base_n0p5,0.5,adam,0.0,False,base,small,1.0,1.0472108677346657,1.1669609616411494,1.0477261847638069,51,True
45,f8,ms_dp_n0p5,0.5,adam,0.2,False,dropout,small,0.6791666666666667,1.0983454344120431,1.1479715895145497,1.124511087828494,6,False
45,f8,ms_wd_n0p5,0.5,adam,0.0,True,weight_decay,small,1.0,1.0426273415697382,1.1711568058805262,1.0444147872163894,91,True
45,f8,ms_dpwd_n0p5,0.5,adam,0.2,True,dropout+weight_decay,small,0.4801538334978611,1.074378290709029,1.1522421431034169,1.0810401344552953,97,True
45,f8,ms_base_n1p0,1.0,adam,0.0,False,base,small,0.29364100032905555,4.145799367985827,4.332062822707156,4.208802370314903,39,False
45,f8,ms_dp_n1p0,1.0,adam,0.2,False,dropout,small,0.4009871668311945,4.156211333071932,4.331491267427485,4.257852176402477,82,False
45,f8,ms_wd_n1p0,1.0,adam,0.0,True,weight_decay,small,0.6083333333333333,4.140094473006878,4.331097260434577,4.1837516084630435,24,True
45,f8,ms_dpwd_n1p0,1.0,adam,0.2,True,dropout+weight_decay,small,0.40098716683119445,4.150995941872292,4.33015338917996,4.201247811317444,49,False
45,f9,ms_base_n0p0,0.0,adam,0.0,False,base,small,0.5759871668311944,0.011863160412758589,0.02655446463997694,0.016952339975916324,91,True
45,f9,ms_dp_n0p0,0.0,adam,0.2,False,dropout,small,0.501974333662389,0.04293268009465426,0.07947360593429272,0.07196239984415947,15,True
45,f9,ms_wd_n0p0,0.0,adam,0.0,True,weight_decay,small,0.5947371668311945,0.01246519318405301,0.0262362422282867,0.01246519318405301,100,True
45,f9,ms_dpwd_n0p0,0.0,adam,0.2,True,dropout+weight_decay,small,0.501974333662389,0.03510628765488558,0.0814421175721478,0.04438179329116928,57,True
45,f9,ms_base_n0p5,0.5,adam,0.0,False,base,small,0.5634871668311945,0.42330211559508707,0.4720216878551118,0.4297709217730989,98,True
45,f9,ms_dp_n0p5,0.5,adam,0.2,False,dropout,small,0.501974333662389,0.45631995733748093,0.49109242634570344,0.4778083125327496,94,False
45,f9,ms_wd_n0p5,0.5,adam,0.0,True,weight_decay,small,0.501974333662389,0.42628953558333377,0.46966691854152276,0.4334771281227152,91,True
45,f9,ms_dpwd_n0p5,0.5,adam,0.2,True,dropout+weight_decay,small,0.501974333662389,0.44457583731793343,0.4937353809463217,0.4674957121940369,52,True
45,f9,ms_base_n1p0,1.0,adam,0.0,False,base,small,0.501974333662389,1.654541090447852,1.7199736275571458,1.661229965534616,43,True
45,f9,ms_dp_n1p0,1.0,adam,0.2,False,dropout,small,0.501974333662389,1.6759224001397477,1.786583201682314,1.7129587645226336,57,True
45,f9,ms_wd_n1p0,1.0,adam,0.0,True,weight_decay,small,0.501974333662389,1.649104823457434,1.7225448539916506,1.6590024296273576,90,True
45,f9,ms_dpwd_n1p0,1.0,adam,0.2,True,dropout+weight_decay,small,0.501974333662389,1.6687894425493606,1.7835031709772475,1.7155505317322752,96,True
45,f10,ms_base_n0p0,0.0,adam,0.0,False,base,small,1.0,0.002191484749733292,0.02582768036765938,0.0028604851290088226,47,True
45,f10,ms_dp_n0p0,0.0,adam,0.2,False,dropout,small,0.7509871668311945,0.029543721949324964,0.05504365059289527,0.03657575666983711,56,True
45,f10,ms_wd_n0p0,0.0,adam,0.0,True,weight_decay,small,1.0,0.002660831716407011,0.02607113767930485,0.003845682996820579,67,True
45,f10,ms_dpwd_n0p0,0.0,adam,0.2,True,dropout+weight_decay,small,0.7509871668311945,0.02293019879490454,0.051874834271346,0.05027833991149004,38,True
45,f10,ms_base_n0p5,0.5,adam,0.0,False,base,small,1.0,0.4694279584478825,0.5548927092805822,0.4739277071141182,98,True
45,f10,ms_dp_n0p5,0.5,adam,0.2,False,dropout,small,0.501974333662389,0.5140634084001501,0.546677790106611,0.551981840678986,2,False
45,f10,ms_wd_n0p5,0.5,adam,0.0,True,weight_decay,small,1.0,0.47099007475883403,0.5600598226202295,0.47701430669490325,98,True
45,f10,ms_dpwd_n0p5,0.5,adam,0.2,True,dropout+weight_decay,small,0.6259871668311945,0.5011750808421601,0.5456774621567828,0.5822809046887337,32,False
45,f10,ms_base_n1p0,1.0,adam,0.0,False,base,small,0.8875,1.8698883158095339,2.0549176588971565,1.8816443871944508,98,True
45,f10,ms_dp_n1p0,1.0,adam,0.2,False,dropout,small,0.6509871668311944,1.9101468375388613,2.002266805222694,1.931672788680868,91,True
45,f10,ms_wd_n1p0,1.0,adam,0.0,True,weight_decay,small,0.7986111111111112,1.8697167038917542,2.0482752944560763,1.8900719056738184,96,True
45,f10,ms_dpwd_n1p0,1.0,adam,0.2,True,dropout+weight_decay,small,0.6509871668311944,1.8934288633630632,2.003223481330466,1.9847775646980772,85,False
46,f1,ms_base_n0p0,0.0,adam,0.0,False,base,small,0.1408632225512778,0.001745021456798063,0.011674070899236076,0.005345839363067074,54,True
46,f1,ms_dp_n0p0,0.0,adam,0.2,False,dropout,small,0.12697433366238894,0.007536753016385309,0.020370078778409576,0.01806335863558219,47,True
46,f1,ms_wd_n0p0,0.0,adam,0.0,True,weight_decay,small,0.25654272238675,0.002084133997955855,0.011046738334079372,0.0032860019387915096,84,True
46,f1,ms_dpwd_n0p0,0.0,adam,0.2,True,dropout+weight_decay,small,0.19416898501301266,0.007824335336447396,0.02250678487557997,0.01446499448130898,92,True
46,f1,ms_base_n0p5,0.5,adam,0.0,False,base,small,0.207604813890018,0.21427415977133082,0.2521083664069784,0.2143845356842305,58,True
46,f1,ms_dp_n0p5,0.5,adam,0.2,False,dropout,small,0.08629483382691674,0.21954916576121716,0.24287123946433373,0.22036342021632702,53,True
46,f1,ms_wd_n0p5,0.5,adam,0.0,True,weight_decay,small,0.1478076669957223,0.21555411340074337,0.24716626012578924,0.21718569353539893,58,True
46,f1,ms_dpwd_n0p5,0.5,adam,0.2,True,dropout+weight_decay,small,0.08629483382691674,0.22144550782568911,0.24381773157956751,0.22680292373642008,91,True
46,f1,ms_base_n1p0,1.0,adam,0.0,False,base,small,0.05296150049358342,0.8437511033200203,0.9138715787136809,0.859007901650794,56,True
46,f1,ms_dp_n1p0,1.0,adam,0.2,False,dropout,small,0.04462816716025008,0.850428655426553,0.8879739179256114,0.850428655426553,100,True
46,f1,ms_wd_n1p0,1.0,adam,0.0,True,weight_decay,small,0.05296150049358342,0.8467545147905958,0.9172171075293358,0.8531077111021002,65,True
46,f1,ms_dpwd_n1p0,1.0,adam,0.2,True,dropout+weight_decay,small,0.05296150049358342,0.8479318200273717,0.8827405337323534,0.8479318200273717,100,True
46,f2,ms_base_n0p0,0.0,adam,0.0,False,base,small,0.2936410003290556,0.00833146167086794,0.04612103391914291,0.012175583711607343,49,True
46,f2,ms_dp_n0p0,0.0,adam,0.2,False,dropout,small,0.25197433366238897,0.04628402638704853,0.06819879854137594,0.06102064961290106,60,True
46,f2,ms_wd_n0p0,0.0,adam,0.0,True,weight_decay,small,0.2936410003290556,0.007285604481288093,0.04631933456960511,0.010395707423858185,86,True
46,f2,ms_dpwd_n0p0,0.0,adam,0.2,True,dropout+weight_decay,small,0.18530766699572226,0.02936931164499293,0.06828510824670182,0.03409329173650513,60,True
46,f2,ms_base_n0p5,0.5,adam,0.0,False,base,small,0.2936410003290556,0.18972115163156328,0.23586154126740516,0.19978487713539855,89,True
46,f2,ms_dp_n0p5,0.5,adam,0.2,False,dropout,small,0.25197433366238897,0.22637185073913413,0.27475630729756456,0.23797387376110604,82,True
46,f2,ms_wd_n0p5,0.5,adam,0.0,True,weight_decay,small,0.2936410003290556,0.1847755677522497,0.23852210697975565,0.1915037879284392,90,True
46,f2,ms_dpwd_n0p5,0.5,adam,0.2,True,dropout+weight_decay,small,0.2103076669957223,0.2072794366073101,0.27505781961248277,0.21559724338511202,93,True
46,f2,ms_base_n1p0,1.0,adam,0.0,False,base,small,0.11471943170160462,0.7016928205464749,0.7960574725206863,0.7127558861641173,54,True
46,f2,ms_dp_n1p0,1.0,adam,0.2,False,dropout,small,0.6884871668311945,0.7241591047099296,0.8262596878599613,0.7436995468241103,61,True
46,f2,ms_wd_n1p0,1.0,adam,0.0,True,weight_decay,small,0.08629483382691674,0.7028748301115442,0.7949560772865376,0.7149160672375496,55,True
46,f2,ms_dpwd_n1p0,1.0,adam,0.2,True,dropout+weight_decay,small,0.2103076669957223,0.7227435793648375,0.8248107509410127,0.7453184343398885,70,True
46,f3,ms_base_n0p0,0.0,adam,0.0,False,base,small,0.501974333662389,0.024856960192877562,0.08619503684817477,0.027502511469449136,59,True
46,f3,ms_dp_n0p0,0.0,adam,0.2,False,dropout,small,0.2529615004935834,0.11519138364398733,0.16530257780501184,0.13603260645523985,91,True
46,f3,ms_wd_n0p0,0.0,adam,0.0,True,weight_decay,small,0.5009871668311945,0.012570654066834362,0.08980660346594263,0.013252158872188722,47,True
46,f3,ms_dpwd_n0p0,0.0,adam,0.2,True,dropout+weight_decay,small,0.2529615004935834,0.07909191827824776,0.15699077571960204,0.1423281730806574,81,True
46,f3,ms_base_n0p5,0.5,adam,0.0,False,base,small,0.6083333333333333,0.6421413944756731,0.7884284752480527,0.6694461224561042,79,True
46,f3,ms_dp_n0p5,0.5,adam,0.2,False,dropout,small,0.2529615004935834,0.699226365761554,0.9338207549237191,0.7471611309558788,95,True
46,f3,ms_wd_n0p5,0.5,adam,0.0,True,weight_decay,small,0.5102564102564102,0.6320719002409184,0.7918952050361228,0.6614658680367977,58,True
46,f3,ms_dpwd_n0p5,0.5,adam,0.2,True,dropout+weight_decay,small,0.2529615004935834,0.6873578749438549,0.914626715031076,0.716002161198474,78,True
46,f3,ms_base_n1p0,1.0,adam,0.0,False,base,small,0.3353076669957223,2.4372047718535077,2.679114690486421,2.4777164484592196,39,True
46,f3,ms_dp_n1p0,1.0,adam,0.2,False,dropout,small,0.2529615004935834,2.5262273562715407,2.7178380058166827,2.622601429198651,39,True
46,f3,ms_wd_n1p0,1.0,adam,0.0,True,weight_decay,small,0.4186410003290556,2.4248849939792714,2.681092911578239,2.481775810109808,60,True
46,f3,ms_dpwd_n1p0,1.0,adam,0.2,True,dropout+weight_decay,small,0.2529615004935834,2.498571957679505,2.7166641874516264,2.537550337771152,96,True
46,f4,ms_base_n0p0,0.0,adam,0.0,False,base,small,0.36768861937667463,0.029054831663899598,0.09484839094604583,0.03436042005790675,85,True
46,f4,ms_dp_n0p0,0.0,adam,0.2,False,dropout,small,0.4029615004935834,0.12073908460901138,0.17618979267934534,0.15165853436957014,91,True
46,f4,ms_wd_n0p0,0.0,adam,0.0,True,weight_decay,small,0.4553076669957223,0.014495854325433995,0.09611698814687576,0.016364975881941142,89,True
46,f4,ms_dpwd_n0p0,0.0,adam,0.2,True,dropout+weight_decay,small,0.4029615004935834,0.07985543047494077,0.1833980862606079,0.11735493237984941,67,True
46,f4,ms_base_n0p5,0.5,adam,0.0,False,base,small,0.7569230769230768,0.6954412701282096,0.8544767036082896,0.7234550521094748,73,True
46,f4,ms_dp_n0p5,0.5,adam,0.2,False,dropout,small,0.4029615004935834,0.777038258757997,0.9943936035988179,0.836896871315672,28,True
46,f4,ms_wd_n0p5,0.5,adam,0.0,True,weight_decay,small,0.6192857142857143,0.6898366244549446,0.8565681199444101,0.7175061563228039,88,True
46,f4,ms_dpwd_n0p5,0.5,adam,0.2,True,dropout+weight_decay,small,0.4029615004935834,0.742742342200685,0.9834585126410139,0.7588571560509662,90,True
46,f4,ms_base_n1p0,1.0,adam,0.0,False,base,small,0.22649091225828932,2.6629827301552953,2.9409583350445363,2.6944221156708736,89,True
46,f4,ms_dp_n1p0,1.0,adam,0.2,False,dropout,small,0.2039486673247779,2.734858785537963,2.960890879022314,2.8651985767039845,58,True
46,f4,ms_wd_n1p0,1.0,adam,0.0,True,weight_decay,small,0.26962816716025007,2.634805196143211,2.906747768533991,2.695512629569845,60,True
46,f4,ms_dpwd_n1p0,1.0,adam,0.2,True,dropout+weight_decay,small,0.2039486673247779,2.7208547972618264,2.9375150926569673,2.7850590563834983,28,True
46,f5,ms_base_n0p0,0.0,adam,0.0,False,base,small,0.95,0.0028897242328310585,0.010834809729552015,0.0038558747470775184,45,True
46,f5,ms_dp_n0p0,0.0,adam,0.2,False,dropout,small,0.7509871668311945,0.02237437837856247,0.0488802424057367,0.024782442032022678,42,True
46,f5,ms_wd_n0p0,0.0,adam,0.0,True,weight_decay,small,0.95,0.0030937136889019226,0.009743277434299284,0.004841965697507592,61,True
46,f5,ms_dpwd_n0p0,0.0,adam,0.2,True,dropout+weight_decay,small,0.501974333662389,0.02021424425765872,0.050966287546969476,0.02153111688118983,39,True
46,f5,ms_base_n0p5,0.5,adam,0.0,False,base,small,0.95,0.12390168106302302,0.1549722879649477,0.12800447951923025,49,True
46,f5,ms_dp_n0p5,0.5,adam,0.2,False,dropout,small,0.501974333662389,0.14101218241960445,0.1770601638771118,0.15531718326692887,79,True
46,f5,ms_wd_n0p5,0.5,adam,0.0,True,weight_decay,small,0.95,0.12498432643553044,0.15749629896054876,0.13116376973847124,53,True
46,f5,ms_dpwd_n0p5,0.5,adam,0.2,True,dropout+weight_decay,small,0.501974333662389,0.1390628918529825,0.17707304062044366,0.1495396558274614,96,True
46,f5,ms_base_n1p0,1.0,adam,0.0,False,base,small,0.95,0.48609861921756825,0.5429150963083227,0.49387819494338747,83,True
46,f5,ms_dp_n1p0,1.0,adam,0.2,False,dropout,small,0.6509871668311944,0.5018345976763583,0.5542329226402526,0.5123243867716891,55,True
46,f5,ms_wd_n1p0,1.0,adam,0.0,True,weight_decay,small,0.95,0.48687893215646133,0.541249414390706,0.49745721259015674,78,True
46,f5,ms_dpwd_n1p0,1.0,adam,0.2,True,dropout+weight_decay,small,0.6884871668311945,0.5040574581065076,0.5487754205439953,0.5135704567457767,55,True
46,f6,ms_base_n0p0,0.0,adam,0.0,False,base,small,0.4186410003290556,0.005392957379684803,0.16366254363922364,0.010661250659007025,82,True
46,f6,ms_dp_n0p0,0.0,adam,0.2,False,dropout,small,0.501974333662389,0.17041059298084138,0.4234623595121059,0.6226335072771032,41,False
46,f6,ms_wd_n0p0,0.0,adam,0.0,True,weight_decay,small,0.5247966906407182,0.007574537669883129,0.15372832246283266,0.021893335357704696,70,True
46,f6,ms_dpwd_n0p0,0.0,adam,0.2,True,dropout+weight_decay,small,0.501974333662389,0.16928217282637636,0.4248857574259981,0.8978503844205369,41,False
46,f6,ms_base_n0p5,0.5,adam,0.0,False,base,small,0.2529615004935834,2.9220871544898825,3.2434954795431583,3.0514126825839916,29,True
46,f6,ms_dp_n0p5,0.5,adam,0.2,False,dropout,small,0.501974333662389,3.0283778043503458,3.484534519783994,3.251902362133594,19,True
46,f6,ms_wd_n0p5,0.5,adam,0.0,True,weight_decay,small,0.32340290509096037,2.928812357973545,3.2608745808297015,3.0335417618142797,35,True
46,f6,ms_dpwd_n0p5,0.5,adam,0.2,True,dropout+weight_decay,small,0.501974333662389,3.0429896090893034,3.49448051351182,3.288385198471394,67,True
46,f6,ms_base_n1p0,1.0,adam,0.0,False,base,small,0.37697433366238897,11.440415539640062,12.02146577835083,12.13218376484323,9,False
46,f6,ms_dp_n1p0,1.0,adam,0.2,False,dropout,small,0.501974333662389,11.49490003382906,12.183388775967536,11.813822315094319,24,True
46,f6,ms_wd_n1p0,1.0,adam,0.0,True,weight_decay,small,0.2529615004935834,11.456179674635543,12.008833641701557,12.066582370311655,14,False
46,f6,ms_dpwd_n1p0,1.0,adam,0.2,True,dropout+weight_decay,small,0.501974333662389,11.433059667019133,12.182430470243414,11.756883631361292,24,True
46,f7,ms_base_n0p0,0.0,adam,0.0,False,base,small,0.2529615004935834,0.004616025912060224,0.0223506571467411,0.0055647113885571985,39,True
46,f7,ms_dp_n0p0,0.0,adam,0.2,False,dropout,small,0.501974333662389,0.028550716929454753,0.06516810379763867,0.051642603320168685,30,True
46,f7,ms_wd_n0p0,0.0,adam,0.0,True,weight_decay,small,0.2529615004935834,0.004630786314745374,0.022460481072676942,0.004914611025634123,50,True
46,f7,ms_dpwd_n0p0,0.0,adam,0.2,True,dropout+weight_decay,small,0.2529615004935834,0.032509933067287534,0.06463941836610754,0.050652735153252776,73,True
46,f7,ms_base_n0p5,0.5,adam,0.0,False,base,small,0.501974333662389,1.0416915131376145,1.076863054899459,1.0891450871812536,78,False
46,f7,ms_dp_n0p5,0.5,adam,0.2,False,dropout,small,0.4186410003290556,1.0633903868654941,1.0877373491195923,1.092939961463847,79,False
46,f7,ms_wd_n0p5,0.5,adam,0.0,True,weight_decay,small,0.4186410003290556,1.0474083930888074,1.0754689688378192,1.086324358240087,78,False
46,f7,ms_dpwd_n0p5,0.5,adam,0.2,True,dropout+weight_decay,small,0.501974333662389,1.0607189897527085,1.0935468255205358,1.098059061359852,73,False
46,f7,ms_base_n1p0,1.0,adam,0.0,False,base,small,0.4186410003290556,4.131153337498929,4.220744361268713,4.237574511385978,8,False
46,f7,ms_dp_n1p0,1.0,adam,0.2,False,dropout,small,0.2529615004935834,4.137098921106217,4.180543382117089,4.316072152016011,39,False
46,f7,ms_wd_n1p0,1.0,adam,0.0,True,weight_decay,small,0.4186410003290556,4.129283547401428,4.225601183607223,4.21409795385726,9,False
46,f7,ms_dpwd_n1p0,1.0,adam,0.2,True,dropout+weight_decay,small,0.2529615004935834,4.134630494929374,4.188605341505497,4.388243193322039,94,False
46,f8,ms_base_n0p0,0.0,adam,0.0,False,base,small,1.0,0.0032784247528167164,0.03303013710265464,0.0036528431141669765,90,True
46,f8,ms_dp_n0p0,0.0,adam,0.2,False,dropout,small,0.7708333333333333,0.03463112021935113,0.1041590764801553,0.05112178580082478,94,True
46,f8,ms_wd_n0p0,0.0,adam,0.0,True,weight_decay,small,1.0,0.004035078454762697,0.032757600392908495,0.005682117739157316,79,True
46,f8,ms_dpwd_n0p0,0.0,adam,0.2,True,dropout+weight_decay,small,0.5428571428571428,0.04495701988406004,0.10957048944336303,0.08294660796193366,12,True
46,f8,ms_base_n0p5,0.5,adam,0.0,False,base,small,0.6791666666666667,1.0078555637217583,1.1162446249038616,1.0109386900638013,60,True
46,f8,ms_dp_n0p5,0.5,adam,0.2,False,dropout,small,0.5666666666666667,1.0331895509932905,1.2170208578414106,1.0720255571476958,79,True
46,f8,ms_wd_n0p5,0.5,adam,0.0,True,weight_decay,small,0.6791666666666667,1.0045173028682142,1.1201898144914748,1.015167125996123,29,True
46,f8,ms_dpwd_n0p5,0.5,adam,0.2,True,dropout+weight_decay,small,0.5428571428571429,1.037560299355933,1.218683418441326,1.073015977093514,96,True
46,f8,ms_base_n1p0,1.0,adam,0.0,False,base,small,0.4801538334978611,3.983210982160365,4.0948301452271485,4.079815737744595,8,False
46,f8,ms_dp_n1p0,1.0,adam,0.2,False,dropout,small,0.19840290509096037,4.015009963766057,4.1869409845230425,4.069710229305511,94,False
46,f8,ms_wd_n1p0,1.0,adam,0.0,True,weight_decay,small,0.25197433366238897,3.967532256816296,4.094121463755344,4.063709233669525,17,False
46,f8,ms_dpwd_n1p0,1.0,adam,0.2,True,dropout+weight_decay,small,0.39979669064071827,3.986945852320245,4.187911926431859,4.042622680359698,65,True
46,f9,ms_base_n0p0,0.0,adam,0.0,False,base,small,0.501974333662389,0.009767299230666236,0.03536709665538783,0.010182163024202306,44,True
46,f9,ms_dp_n0p0,0.0,adam,0.2,False,dropout,small,0.501974333662389,0.0309409041631412,0.04970589834958949,0.05377163331797148,35,False
46,f9,ms_wd_n0p0,0.0,adam,0.0,True,weight_decay,small,0.501974333662389,0.012267048525168224,0.036215162182107886,0.012838205723884576,90,True
46,f9,ms_dpwd_n0p0,0.0,adam,0.2,True,dropout+weight_decay,small,0.501974333662389,0.03053324629968785,0.050841648904408544,0.04135196679767142,99,True
46,f9,ms_base_n0p5,0.5,adam,0.0,False,base,small,0.501974333662389,0.42228791212781946,0.46851908748454235,0.4282387320665603,98,True
46,f9,ms_dp_n0p5,0.5,adam,0.2,False,dropout,small,0.501974333662389,0.4474978374039873,0.46637700910263874,0.46040976681607837,94,False
46,f9,ms_wd_n0p5,0.5,adam,0.0,True,weight_decay,small,0.501974333662389,0.4264726829021535,0.467628187955694,0.4328804336329724,89,True
46,f9,ms_dpwd_n0p5,0.5,adam,0.2,True,dropout+weight_decay,small,0.501974333662389,0.4411798655352694,0.4693460686409727,0.4526799758698078,94,True
46,f9,ms_base_n1p0,1.0,adam,0.0,False,base,small,0.501974333662389,1.6336953018574005,1.6760224750701418,1.6818049993920834,78,False
46,f9,ms_dp_n1p0,1.0,adam,0.2,False,dropout,small,0.501974333662389,1.6537559476304562,1.6921604542022055,1.6846217842812234,71,False
46,f9,ms_wd_n1p0,1.0,adam,0.0,True,weight_decay,small,0.501974333662389,1.631380999976016,1.6837075847260496,1.6682503337555743,78,False
46,f9,ms_dpwd_n1p0,1.0,adam,0.2,True,dropout+weight_decay,small,0.501974333662389,1.6426927941910765,1.693242941765075,1.7097464482834999,31,False
46,f10,ms_base_n0p0,0.0,adam,0.0,False,base,small,0.95,0.0024302878152044054,0.027579898093926147,0.0053533396158525915,90,True
46,f10,ms_dp_n0p0,0.0,adam,0.2,False,dropout,small,0.6884871668311945,0.02218012502813276,0.07133587418084449,0.037160527515918654,27,True
46,f10,ms_wd_n0p0,0.0,adam,0.0,True,weight_decay,small,1.0,0.004027765930352851,0.028267858401337203,0.006113498607907999,77,True
46,f10,ms_dpwd_n0p0,0.0,adam,0.2,True,dropout+weight_decay,small,0.501974333662389,0.028664063563213705,0.0768686201661191,0.07370509817562204,11,True
46,f10,ms_base_n0p5,0.5,adam,0.0,False,base,small,0.95,0.45920207303889254,0.5117766105748237,0.4716491249013454,97,True
46,f10,ms_dp_n0p5,0.5,adam,0.2,False,dropout,small,0.6884871668311945,0.48104628762032126,0.6007245785378396,0.5017060843553949,71,True
46,f10,ms_wd_n0p5,0.5,adam,0.0,True,weight_decay,small,0.95,0.4589496096397968,0.5149268764764705,0.46586213974242513,97,True
46,f10,ms_dpwd_n0p5,0.5,adam,0.2,True,dropout+weight_decay,small,0.6259871668311945,0.48941675779667304,0.6041775564564035,0.5975164844000593,8,False
46,f10,ms_base_n1p0,1.0,adam,0.0,False,base,small,0.7509871668311945,1.8204924514953127,1.9369158516538905,1.8508796209984637,29,True
46,f10,ms_dp_n1p0,1.0,adam,0.2,False,dropout,small,0.6259871668311945,1.8362279027066333,2.034191591942564,1.9362686289117692,69,True
46,f10,ms_wd_n1p0,1.0,adam,0.0,True,weight_decay,small,0.7509871668311945,1.820506827628359,1.9360707237365398,1.8444460490916639,20,True
46,f10,ms_dpwd_n1p0,1.0,adam,0.2,True,dropout+weight_decay,small,0.6259871668311945,1.8377178983485445,2.0209272491171006,1.9200415459085018,86,True
